text,category
This is affecting many families. Rainwater is flooding the street in Ward 1 due to poor drainage.,Drainage
This needs immediate attention. The garbage truck has not come to Ward 1 for two days.,Sanitation
Please act quickly. The electricity meter reading seems incorrect for two days now.,Electricity
This is affecting many families. The water tank in Ward 8 has not been filled for four days.,Water
This is affecting many families. There is a bad smell from uncollected waste near Ward 7.,Sanitation
Please act quickly. The road divider near Ward 9 is broken and unsafe.,Road
This is affecting many families. We need a new community hall in Ward 6.,Other
Rainwater is flooding the street in Ward 6 due to poor drainage.,Drainage
This is very urgent. The road divider near Ward 9 is broken and unsafe.,Road
Please act quickly. Garbage has not been collected in Ward 2 for since yesterday.,Sanitation
Please act quickly. The public toilet in Ward 5 is dirty and not maintained.,Sanitation
Please act quickly. The electricity transformer near Ward 10 is making sparking sounds.,Electricity
This is a serious problem. Rainwater is flooding the street in Ward 5 due to poor drainage.,Drainage
Please act quickly. New street lights are needed near the bus stop in Ward 8.,Street Light
This is a serious problem. Vehicles are getting stuck in mud on the unpaved road in Ward 6.,Road
This is affecting many families. There is a huge pothole on the main road in Ward 3.,Road
This needs immediate attention. Sewage is overflowing onto the street in Ward 10.,Sanitation
Exposed electrical wires are hanging near the road in Ward 6.,Electricity
The street light in Ward 2 has been broken since four days.,Street Light
This is a serious problem. Drain water has been stagnant in Ward 4 for four days.,Drainage
This is very urgent. Waste is piling up on the street corner in Ward 3 for two days.,Sanitation
This is a serious problem. The road in Ward 2 has been damaged for a week after the rain.,Road
This is affecting many families. The water tank in Ward 2 has not been filled for five days.,Water
This is a serious problem. There is a huge pothole on the main road in Ward 8.,Road
Please act quickly. The public toilet in Ward 2 is dirty and not maintained.,Sanitation
This is a serious problem. Exposed electrical wires are hanging near the road in Ward 2.,Electricity
This is very urgent. Drinking water is contaminated and smells bad in Ward 10.,Water
Please act quickly. Exposed electrical wires are hanging near the road in Ward 5.,Electricity
This is affecting many families. The street light near Ward 7 has not been working for one day.,Street Light
This is affecting many families. There has been a power cut in Ward 3 for a week.,Electricity
This is very urgent. Garbage has not been collected in Ward 6 for three days.,Sanitation
This needs immediate attention. Garbage has not been collected in Ward 10 for three days.,Sanitation
Rainwater is flooding the street in Ward 2 due to poor drainage.,Drainage
This is very urgent. The road in Ward 4 has been damaged for five days after the rain.,Road
This is affecting many families. The electric pole near our house in Ward 6 is leaning dangerously.,Electricity
This needs immediate attention. There is an irregular water supply schedule in Ward 8 for since yesterday.,Water
This is a serious problem. The street light pole in Ward 4 is damaged and flickering.,Street Light
Please act quickly. The road divider near Ward 4 is broken and unsafe.,Road
This is affecting many families. Vehicles are getting stuck in mud on the unpaved road in Ward 5.,Road
"This is a serious problem. The drainage cover is missing near Ward 3, which is dangerous.",Drainage
This needs immediate attention. The newly laid road near Ward 10 is already cracking.,Road
This is a serious problem. There is a bad smell from uncollected waste near Ward 3.,Sanitation
There is a bad smell from uncollected waste near Ward 5.,Sanitation
This is very urgent. We have not received drinking water for five days in Ward 4.,Water
This needs immediate attention. New street lights are needed near the bus stop in Ward 9.,Street Light
This is a serious problem. The electric pole near our house in Ward 3 is leaning dangerously.,Electricity
This is affecting many families. The road in Ward 9 has been damaged for five days after the rain.,Road
This is affecting many families. New street lights are needed near the bus stop in Ward 9.,Street Light
This is affecting many families. Waste is piling up on the street corner in Ward 1 for five days.,Sanitation
No water is coming to our taps for four days.,Water
Please act quickly. Garbage has not been collected in Ward 6 for five days.,Sanitation
This is affecting many families. There is an irregular water supply schedule in Ward 8 for two days.,Water
"This is a serious problem. Several street lights are off in Ward 6, making it unsafe at night.",Street Light
This is a serious problem. No water is coming to our taps for four days.,Water
Please act quickly. The open drain near Ward 6 is overflowing with dirty water.,Drainage
This needs immediate attention. The open drain near Ward 7 is overflowing with dirty water.,Drainage
This needs immediate attention. The water tank in Ward 7 has not been filled for several days.,Water
This is very urgent. The street light pole in Ward 3 is damaged and flickering.,Street Light
This is affecting many families. The street light near Ward 5 has not been working for five days.,Street Light
There is a bad smell from uncollected waste near Ward 8.,Sanitation
This is a serious problem. The borewell motor in Ward 3 has stopped working since since yesterday.,Water
This is very urgent. The water tank in Ward 2 has not been filled for four days.,Water
Please act quickly. There has been a power cut in Ward 4 for since yesterday.,Electricity
This is very urgent. The electricity meter reading seems incorrect for one day now.,Electricity
This needs immediate attention. The street light in Ward 1 has been broken since several days.,Street Light
Please act quickly. Drinking water is contaminated and smells bad in Ward 2.,Water
This is a serious problem. There is an irregular water supply schedule in Ward 4 for two days.,Water
This needs immediate attention. Garbage has not been collected in Ward 6 for five days.,Sanitation
It is completely dark near Ward 7 at night due to broken lights.,Street Light
The water tank in Ward 10 has not been filled for a week.,Water
This is a serious problem. We request a new bus stop shelter to be built in Ward 10.,Other
The drainage in Ward 9 is blocked and water is stagnating for four days.,Drainage
This needs immediate attention. The electricity transformer near Ward 10 is making sparking sounds.,Electricity
Please act quickly. Exposed electrical wires are hanging near the road in Ward 2.,Electricity
The drainage in Ward 4 is blocked and water is stagnating for a week.,Drainage
There is a huge pothole on the main road in Ward 6.,Road
The newly laid road near Ward 6 is already cracking.,Road
This needs immediate attention. There has been a power cut in Ward 7 for five days.,Electricity
This is affecting many families. There is a stray dog menace in Ward 7 for several days.,Other
This needs immediate attention. Exposed electrical wires are hanging near the road in Ward 10.,Electricity
This is very urgent. It is completely dark near Ward 9 at night due to broken lights.,Street Light
This is a serious problem. Garbage has not been collected in Ward 9 for two days.,Sanitation
This is a serious problem. There is a bad smell from uncollected waste near Ward 6.,Sanitation
Please act quickly. Rainwater is flooding the street in Ward 6 due to poor drainage.,Drainage
This is a serious problem. The road in Ward 7 has been damaged for several days after the rain.,Road
This is affecting many families. Mosquitoes are breeding in the stagnant drain water in Ward 1.,Drainage
This needs immediate attention. We need a new community hall in Ward 4.,Other
This is very urgent. There is noise pollution from a nearby function in Ward 6.,Other
This is very urgent. Stray animals are scattering garbage all over Ward 3.,Sanitation
This needs immediate attention. Stray animals are scattering garbage all over Ward 6.,Sanitation
This is a serious problem. The electric pole near our house in Ward 5 is leaning dangerously.,Electricity
This is affecting many families. We have had no electricity supply for several days in Ward 6.,Electricity
This is a serious problem. The park in Ward 3 has broken equipment and needs repair.,Other
This is affecting many families. The garbage truck has not come to Ward 7 for five days.,Sanitation
This is a serious problem. The drainage in Ward 8 is blocked and water is stagnating for two days.,Drainage
The electricity transformer near Ward 10 is making sparking sounds.,Electricity
This is very urgent. We have not received drinking water for four days in Ward 5.,Water
Please act quickly. We have had no electricity supply for two days in Ward 4.,Electricity
The panchayat office in Ward 3 is not open during listed hours.,Other
The road in Ward 9 has been damaged for five days after the rain.,Road
Please act quickly. The road near Ward 3 has not been repaired for two days.,Road
This is a serious problem. The garbage truck has not come to Ward 6 for since yesterday.,Sanitation
This is affecting many families. Drain water has been stagnant in Ward 9 for three days.,Drainage
"This is affecting many families. There are no speed breakers near the school in Ward 4, causing accidents.",Road
This is affecting many families. It is completely dark near Ward 6 at night due to broken lights.,Street Light
This needs immediate attention. The street light near Ward 9 has not been working for four days.,Street Light
This is affecting many families. The garbage truck has not come to Ward 4 for several days.,Sanitation
The drainage in Ward 7 is blocked and water is stagnating for four days.,Drainage
There is a huge pothole on the main road in Ward 8.,Road
The borewell motor in Ward 2 has stopped working since since yesterday.,Water
This is a serious problem. The electricity transformer near Ward 5 is making sparking sounds.,Electricity
This is a serious problem. Sewage is overflowing onto the street in Ward 3.,Sanitation
This needs immediate attention. Garbage has not been collected in Ward 8 for one day.,Sanitation
This needs immediate attention. The newly laid road near Ward 3 is already cracking.,Road
"There are no speed breakers near the school in Ward 7, causing accidents.",Road
It is completely dark near Ward 4 at night due to broken lights.,Street Light
The panchayat office in Ward 9 is not open during listed hours.,Other
This needs immediate attention. There has been a power cut in Ward 7 for one day.,Electricity
This is very urgent. Frequent power fluctuations are damaging appliances in Ward 6.,Electricity
Please act quickly. The electric pole near our house in Ward 9 is leaning dangerously.,Electricity
This needs immediate attention. No water is coming to our taps for four days.,Water
New street lights are needed near the bus stop in Ward 5.,Street Light
"This needs immediate attention. The drainage cover is missing near Ward 4, which is dangerous.",Drainage
Waste is piling up on the street corner in Ward 3 for since yesterday.,Sanitation
The street light near Ward 4 has not been working for two days.,Street Light
This is a serious problem. The water tank in Ward 5 has not been filled for several days.,Water
This is a serious problem. We have not received drinking water for three days in Ward 9.,Water
Please act quickly. The street light in Ward 1 has been broken since since yesterday.,Street Light
This is a serious problem. There is noise pollution from a nearby function in Ward 3.,Other
Please act quickly. No water is coming to our taps for one day.,Water
This is affecting many families. There is an irregular water supply schedule in Ward 2 for two days.,Water
This is affecting many families. The drainage in Ward 2 is blocked and water is stagnating for five days.,Drainage
No water is coming to our taps for one day.,Water
This is a serious problem. Garbage has not been collected in Ward 9 for a week.,Sanitation
Please act quickly. The water tank in Ward 8 has not been filled for four days.,Water
This is very urgent. The park in Ward 10 has broken equipment and needs repair.,Other
"This is affecting many families. There are no speed breakers near the school in Ward 9, causing accidents.",Road
This is affecting many families. The open drain near Ward 5 is overflowing with dirty water.,Drainage
"This is a serious problem. The drainage cover is missing near Ward 4, which is dangerous.",Drainage
This is very urgent. The garbage truck has not come to Ward 9 for five days.,Sanitation
This is very urgent. Sewage is overflowing onto the street in Ward 3.,Sanitation
Please act quickly. The road near Ward 5 has not been repaired for four days.,Road
This needs immediate attention. Stray animals are scattering garbage all over Ward 5.,Sanitation
Please act quickly. The road near Ward 2 has not been repaired for four days.,Road
This is very urgent. The street light near Ward 1 has not been working for one day.,Street Light
Please act quickly. Garbage has not been collected in Ward 2 for a week.,Sanitation
This is a serious problem. The road divider near Ward 5 is broken and unsafe.,Road
This is a serious problem. Vehicles are getting stuck in mud on the unpaved road in Ward 4.,Road
This is a serious problem. The road near Ward 5 has not been repaired for a week.,Road
"This is very urgent. There are no speed breakers near the school in Ward 7, causing accidents.",Road
The open drain near Ward 6 is overflowing with dirty water.,Drainage
This needs immediate attention. There is noise pollution from a nearby function in Ward 9.,Other
This is a serious problem. The newly laid road near Ward 5 is already cracking.,Road
"Please act quickly. Several street lights are off in Ward 8, making it unsafe at night.",Street Light
This is very urgent. The water supply pipeline near Ward 9 is leaking badly.,Water
Please act quickly. There is a stray dog menace in Ward 6 for two days.,Other
Please act quickly. Frequent power fluctuations are damaging appliances in Ward 9.,Electricity
This is affecting many families. New street lights are needed near the bus stop in Ward 2.,Street Light
This is very urgent. There is an irregular water supply schedule in Ward 6 for two days.,Water
Please act quickly. The park in Ward 4 has broken equipment and needs repair.,Other
This needs immediate attention. The street light in Ward 1 has been broken since two days.,Street Light
Please act quickly. The open drain near Ward 3 is overflowing with dirty water.,Drainage
This is affecting many families. The panchayat office in Ward 2 is not open during listed hours.,Other
Please act quickly. Drinking water is contaminated and smells bad in Ward 9.,Water
This is very urgent. There is a huge pothole on the main road in Ward 4.,Road
This needs immediate attention. Waste is piling up on the street corner in Ward 10 for four days.,Sanitation
This is very urgent. The drainage in Ward 9 is blocked and water is stagnating for three days.,Drainage
This is a serious problem. Mosquitoes are breeding in the stagnant drain water in Ward 3.,Drainage
The water tank in Ward 5 has not been filled for one day.,Water
Please act quickly. The electric pole near our house in Ward 3 is leaning dangerously.,Electricity
Please act quickly. It is completely dark near Ward 9 at night due to broken lights.,Street Light
Please act quickly. Garbage has not been collected in Ward 3 for a week.,Sanitation
Please act quickly. The garbage truck has not come to Ward 7 for two days.,Sanitation
Please act quickly. There is a stray dog menace in Ward 8 for four days.,Other
The newly laid road near Ward 4 is already cracking.,Road
This is very urgent. The drainage in Ward 3 is blocked and water is stagnating for two days.,Drainage
This is very urgent. Rainwater is flooding the street in Ward 6 due to poor drainage.,Drainage
This needs immediate attention. The borewell motor in Ward 3 has stopped working since three days.,Water
Drinking water is contaminated and smells bad in Ward 10.,Water
This needs immediate attention. Drain water has been stagnant in Ward 10 for several days.,Drainage
The electricity transformer near Ward 3 is making sparking sounds.,Electricity
This is very urgent. Sewage is overflowing onto the street in Ward 10.,Sanitation
This is very urgent. There is noise pollution from a nearby function in Ward 5.,Other
This needs immediate attention. There is a bad smell from uncollected waste near Ward 3.,Sanitation
The drainage in Ward 3 is blocked and water is stagnating for a week.,Drainage
This is very urgent. It is completely dark near Ward 8 at night due to broken lights.,Street Light
"This is very urgent. Several street lights are off in Ward 5, making it unsafe at night.",Street Light
There is a stray dog menace in Ward 8 for five days.,Other
This is affecting many families. The street light in Ward 9 has been broken since several days.,Street Light
This is affecting many families. We have had no electricity supply for four days in Ward 10.,Electricity
This is a serious problem. Rainwater is flooding the street in Ward 9 due to poor drainage.,Drainage
Please act quickly. Drain water has been stagnant in Ward 1 for two days.,Drainage
We have had no electricity supply for five days in Ward 7.,Electricity
This is a serious problem. The public toilet in Ward 10 is dirty and not maintained.,Sanitation
This is affecting many families. We have not received drinking water for one day in Ward 6.,Water
There is a stray dog menace in Ward 7 for a week.,Other
Please act quickly. We have had no electricity supply for several days in Ward 5.,Electricity
This needs immediate attention. The borewell motor in Ward 9 has stopped working since a week.,Water
Please act quickly. The road near Ward 2 has not been repaired for two days.,Road
"This needs immediate attention. The drainage cover is missing near Ward 3, which is dangerous.",Drainage
This is very urgent. There has been a power cut in Ward 9 for three days.,Electricity
"This is a serious problem. There are no speed breakers near the school in Ward 7, causing accidents.",Road
Please act quickly. The electric pole near our house in Ward 4 is leaning dangerously.,Electricity
We have not received drinking water for since yesterday in Ward 2.,Water
This is affecting many families. The road near Ward 8 has not been repaired for two days.,Road
Mosquitoes are breeding in the stagnant drain water in Ward 8.,Drainage
This is very urgent. The electricity meter reading seems incorrect for a week now.,Electricity
"This needs immediate attention. The drainage cover is missing near Ward 5, which is dangerous.",Drainage
This needs immediate attention. Drain water has been stagnant in Ward 2 for since yesterday.,Drainage
This needs immediate attention. We request a new bus stop shelter to be built in Ward 2.,Other
This needs immediate attention. Rainwater is flooding the street in Ward 5 due to poor drainage.,Drainage
"This is very urgent. There are no speed breakers near the school in Ward 5, causing accidents.",Road
We request a new bus stop shelter to be built in Ward 3.,Other
This needs immediate attention. Garbage has not been collected in Ward 5 for several days.,Sanitation
This is very urgent. There is noise pollution from a nearby function in Ward 2.,Other
This is affecting many families. The drainage in Ward 2 is blocked and water is stagnating for a week.,Drainage
This needs immediate attention. There is a bad smell from uncollected waste near Ward 8.,Sanitation
This is a serious problem. The electricity meter reading seems incorrect for since yesterday now.,Electricity
Please act quickly. The electricity meter reading seems incorrect for several days now.,Electricity
The water supply pipeline near Ward 10 is leaking badly.,Water
This is very urgent. The newly laid road near Ward 7 is already cracking.,Road
Please act quickly. The electricity transformer near Ward 5 is making sparking sounds.,Electricity
This needs immediate attention. New street lights are needed near the bus stop in Ward 8.,Street Light
Please act quickly. There is a huge pothole on the main road in Ward 6.,Road
The open drain near Ward 7 is overflowing with dirty water.,Drainage
This is very urgent. Drinking water is contaminated and smells bad in Ward 3.,Water
The water tank in Ward 9 has not been filled for three days.,Water
This is a serious problem. The public toilet in Ward 4 is dirty and not maintained.,Sanitation
This is affecting many families. We need a new community hall in Ward 7.,Other
This needs immediate attention. Waste is piling up on the street corner in Ward 10 for five days.,Sanitation
This needs immediate attention. We have had no electricity supply for since yesterday in Ward 7.,Electricity
This needs immediate attention. It is completely dark near Ward 5 at night due to broken lights.,Street Light
This is affecting many families. We need a new community hall in Ward 5.,Other
"This is a serious problem. The drainage cover is missing near Ward 2, which is dangerous.",Drainage
This is affecting many families. No water is coming to our taps for a week.,Water
This is affecting many families. There has been a power cut in Ward 4 for several days.,Electricity
"The drainage cover is missing near Ward 7, which is dangerous.",Drainage
This is affecting many families. The electricity transformer near Ward 2 is making sparking sounds.,Electricity
"This is affecting many families. Several street lights are off in Ward 2, making it unsafe at night.",Street Light
This is affecting many families. There is a huge pothole on the main road in Ward 10.,Road
This is a serious problem. The electric pole near our house in Ward 9 is leaning dangerously.,Electricity
Please act quickly. The street light near Ward 10 has not been working for since yesterday.,Street Light
This needs immediate attention. Vehicles are getting stuck in mud on the unpaved road in Ward 10.,Road
This is a serious problem. The borewell motor in Ward 1 has stopped working since a week.,Water
This is a serious problem. We request a new bus stop shelter to be built in Ward 6.,Other
This is affecting many families. There is a bad smell from uncollected waste near Ward 8.,Sanitation
The public toilet in Ward 3 is dirty and not maintained.,Sanitation
This is a serious problem. There is an irregular water supply schedule in Ward 4 for since yesterday.,Water
Please act quickly. There is a stray dog menace in Ward 3 for several days.,Other
This is a serious problem. It is completely dark near Ward 4 at night due to broken lights.,Street Light
This is very urgent. There is noise pollution from a nearby function in Ward 4.,Other
This is a serious problem. We need a new community hall in Ward 8.,Other
This needs immediate attention. There has been a power cut in Ward 4 for one day.,Electricity
This is a serious problem. Frequent power fluctuations are damaging appliances in Ward 7.,Electricity
The road near Ward 10 has not been repaired for four days.,Road
This needs immediate attention. The street light in Ward 9 has been broken since three days.,Street Light
"This needs immediate attention. There are no speed breakers near the school in Ward 7, causing accidents.",Road
Frequent power fluctuations are damaging appliances in Ward 8.,Electricity
This is affecting many families. The water supply pipeline near Ward 2 is leaking badly.,Water
This is a serious problem. The newly laid road near Ward 1 is already cracking.,Road
This is very urgent. The drainage in Ward 9 is blocked and water is stagnating for one day.,Drainage
This needs immediate attention. The road near Ward 8 has not been repaired for a week.,Road
This is affecting many families. We have not received drinking water for three days in Ward 5.,Water
This is a serious problem. Drinking water is contaminated and smells bad in Ward 7.,Water
This is affecting many families. The newly laid road near Ward 4 is already cracking.,Road
This is affecting many families. The park in Ward 4 has broken equipment and needs repair.,Other
This needs immediate attention. The garbage truck has not come to Ward 9 for two days.,Sanitation
This needs immediate attention. There is a huge pothole on the main road in Ward 3.,Road
Please act quickly. The road divider near Ward 10 is broken and unsafe.,Road
This needs immediate attention. Sewage is overflowing onto the street in Ward 6.,Sanitation
This is affecting many families. The street light in Ward 6 has been broken since several days.,Street Light
Please act quickly. The electric pole near our house in Ward 5 is leaning dangerously.,Electricity
This is a serious problem. New street lights are needed near the bus stop in Ward 6.,Street Light
This needs immediate attention. Vehicles are getting stuck in mud on the unpaved road in Ward 2.,Road
Please act quickly. The open drain near Ward 4 is overflowing with dirty water.,Drainage
"This needs immediate attention. There are no speed breakers near the school in Ward 3, causing accidents.",Road
This is affecting many families. It is completely dark near Ward 4 at night due to broken lights.,Street Light
This is very urgent. New street lights are needed near the bus stop in Ward 4.,Street Light
The panchayat office in Ward 2 is not open during listed hours.,Other
This is a serious problem. The garbage truck has not come to Ward 8 for since yesterday.,Sanitation
We have not received drinking water for since yesterday in Ward 3.,Water
This needs immediate attention. The street light pole in Ward 8 is damaged and flickering.,Street Light
This is a serious problem. The open drain near Ward 10 is overflowing with dirty water.,Drainage
This needs immediate attention. We need a new community hall in Ward 10.,Other
Please act quickly. We request a new bus stop shelter to be built in Ward 7.,Other
This is a serious problem. The road near Ward 7 has not been repaired for one day.,Road
It is completely dark near Ward 5 at night due to broken lights.,Street Light
Please act quickly. The drainage in Ward 6 is blocked and water is stagnating for five days.,Drainage
The public toilet in Ward 4 is dirty and not maintained.,Sanitation
This needs immediate attention. We have had no electricity supply for since yesterday in Ward 6.,Electricity
This is very urgent. Sewage is overflowing onto the street in Ward 5.,Sanitation
"This needs immediate attention. There are no speed breakers near the school in Ward 4, causing accidents.",Road
This is affecting many families. Rainwater is flooding the street in Ward 9 due to poor drainage.,Drainage
This is affecting many families. Frequent power fluctuations are damaging appliances in Ward 10.,Electricity
The borewell motor in Ward 3 has stopped working since since yesterday.,Water
This is very urgent. The park in Ward 3 has broken equipment and needs repair.,Other
This is affecting many families. No water is coming to our taps for three days.,Water
The electricity meter reading seems incorrect for a week now.,Electricity
We have had no electricity supply for a week in Ward 8.,Electricity
This is affecting many families. Drain water has been stagnant in Ward 2 for two days.,Drainage
Please act quickly. Garbage has not been collected in Ward 5 for several days.,Sanitation
This is affecting many families. The street light pole in Ward 2 is damaged and flickering.,Street Light
This is very urgent. The road near Ward 2 has not been repaired for several days.,Road
This needs immediate attention. Drinking water is contaminated and smells bad in Ward 6.,Water
Drinking water is contaminated and smells bad in Ward 2.,Water
This needs immediate attention. The panchayat office in Ward 7 is not open during listed hours.,Other
This is affecting many families. Stray animals are scattering garbage all over Ward 1.,Sanitation
This is very urgent. The street light in Ward 5 has been broken since several days.,Street Light
"This is a serious problem. The drainage cover is missing near Ward 1, which is dangerous.",Drainage
This is very urgent. The street light in Ward 10 has been broken since two days.,Street Light
This is very urgent. Rainwater is flooding the street in Ward 7 due to poor drainage.,Drainage
This is a serious problem. Garbage has not been collected in Ward 6 for two days.,Sanitation
The road divider near Ward 10 is broken and unsafe.,Road
This needs immediate attention. We request a new bus stop shelter to be built in Ward 3.,Other
This is very urgent. Waste is piling up on the street corner in Ward 3 for a week.,Sanitation
This needs immediate attention. Mosquitoes are breeding in the stagnant drain water in Ward 8.,Drainage
This is affecting many families. The street light near Ward 5 has not been working for several days.,Street Light
This is a serious problem. The open drain near Ward 7 is overflowing with dirty water.,Drainage
This is affecting many families. The water tank in Ward 9 has not been filled for a week.,Water
There is a stray dog menace in Ward 10 for two days.,Other
Please act quickly. We need a new community hall in Ward 3.,Other
This is a serious problem. The panchayat office in Ward 7 is not open during listed hours.,Other
"This needs immediate attention. The drainage cover is missing near Ward 8, which is dangerous.",Drainage
Please act quickly. Vehicles are getting stuck in mud on the unpaved road in Ward 8.,Road
This is very urgent. Drain water has been stagnant in Ward 9 for several days.,Drainage
This is very urgent. The panchayat office in Ward 3 is not open during listed hours.,Other
We need a new community hall in Ward 8.,Other
This needs immediate attention. The road in Ward 4 has been damaged for several days after the rain.,Road
This is very urgent. The street light near Ward 8 has not been working for one day.,Street Light
This is very urgent. The water supply pipeline near Ward 5 is leaking badly.,Water
Vehicles are getting stuck in mud on the unpaved road in Ward 5.,Road
This is very urgent. We need a new community hall in Ward 3.,Other
Please act quickly. The road in Ward 5 has been damaged for five days after the rain.,Road
This is a serious problem. Vehicles are getting stuck in mud on the unpaved road in Ward 5.,Road
"Please act quickly. The drainage cover is missing near Ward 6, which is dangerous.",Drainage
This needs immediate attention. There is noise pollution from a nearby function in Ward 6.,Other
This is a serious problem. The borewell motor in Ward 9 has stopped working since four days.,Water
This needs immediate attention. Garbage has not been collected in Ward 7 for a week.,Sanitation
This is very urgent. The electricity meter reading seems incorrect for several days now.,Electricity
Please act quickly. Drain water has been stagnant in Ward 10 for four days.,Drainage
The park in Ward 3 has broken equipment and needs repair.,Other
"This is affecting many families. Several street lights are off in Ward 8, making it unsafe at night.",Street Light
This is very urgent. The drainage in Ward 8 is blocked and water is stagnating for five days.,Drainage
There is a stray dog menace in Ward 10 for five days.,Other
The electricity transformer near Ward 2 is making sparking sounds.,Electricity
Stray animals are scattering garbage all over Ward 9.,Sanitation
"This is affecting many families. Several street lights are off in Ward 9, making it unsafe at night.",Street Light
This is very urgent. There is an irregular water supply schedule in Ward 5 for three days.,Water
The road divider near Ward 4 is broken and unsafe.,Road
This is affecting many families. The road near Ward 3 has not been repaired for three days.,Road
This is affecting many families. Mosquitoes are breeding in the stagnant drain water in Ward 9.,Drainage
This is affecting many families. Garbage has not been collected in Ward 9 for two days.,Sanitation
This is very urgent. The water tank in Ward 9 has not been filled for several days.,Water
This is very urgent. Waste is piling up on the street corner in Ward 5 for several days.,Sanitation
This is affecting many families. The water supply pipeline near Ward 4 is leaking badly.,Water
Vehicles are getting stuck in mud on the unpaved road in Ward 10.,Road
This is affecting many families. Sewage is overflowing onto the street in Ward 2.,Sanitation
Rainwater is flooding the street in Ward 10 due to poor drainage.,Drainage
This needs immediate attention. The electricity meter reading seems incorrect for two days now.,Electricity
Please act quickly. New street lights are needed near the bus stop in Ward 6.,Street Light
There is a bad smell from uncollected waste near Ward 1.,Sanitation
This is a serious problem. No water is coming to our taps for a week.,Water
This is very urgent. Rainwater is flooding the street in Ward 4 due to poor drainage.,Drainage
The street light pole in Ward 3 is damaged and flickering.,Street Light
This is affecting many families. We request a new bus stop shelter to be built in Ward 7.,Other
This is affecting many families. We request a new bus stop shelter to be built in Ward 8.,Other
Please act quickly. The water tank in Ward 6 has not been filled for five days.,Water
"This is a serious problem. Several street lights are off in Ward 5, making it unsafe at night.",Street Light
This is a serious problem. Garbage has not been collected in Ward 1 for five days.,Sanitation
The drainage in Ward 6 is blocked and water is stagnating for two days.,Drainage
This is a serious problem. The street light pole in Ward 8 is damaged and flickering.,Street Light
This is affecting many families. Garbage has not been collected in Ward 8 for five days.,Sanitation
This is affecting many families. There is a stray dog menace in Ward 5 for five days.,Other
This is affecting many families. There is an irregular water supply schedule in Ward 6 for several days.,Water
This is very urgent. There is a stray dog menace in Ward 6 for five days.,Other
Please act quickly. The electricity transformer near Ward 8 is making sparking sounds.,Electricity
"This is affecting many families. The drainage cover is missing near Ward 3, which is dangerous.",Drainage
This is affecting many families. The street light in Ward 8 has been broken since a week.,Street Light
This is a serious problem. Rainwater is flooding the street in Ward 6 due to poor drainage.,Drainage
This is a serious problem. It is completely dark near Ward 3 at night due to broken lights.,Street Light
This needs immediate attention. The road near Ward 8 has not been repaired for two days.,Road
The street light near Ward 2 has not been working for several days.,Street Light
Please act quickly. The drainage in Ward 5 is blocked and water is stagnating for since yesterday.,Drainage
This needs immediate attention. The open drain near Ward 2 is overflowing with dirty water.,Drainage
Please act quickly. Rainwater is flooding the street in Ward 5 due to poor drainage.,Drainage
This is a serious problem. The road near Ward 9 has not been repaired for since yesterday.,Road
This needs immediate attention. The public toilet in Ward 7 is dirty and not maintained.,Sanitation
Please act quickly. We request a new bus stop shelter to be built in Ward 5.,Other
Please act quickly. We have not received drinking water for two days in Ward 4.,Water
This is a serious problem. The street light pole in Ward 5 is damaged and flickering.,Street Light
This is affecting many families. The street light in Ward 7 has been broken since since yesterday.,Street Light
This is a serious problem. Mosquitoes are breeding in the stagnant drain water in Ward 4.,Drainage
This needs immediate attention. Exposed electrical wires are hanging near the road in Ward 2.,Electricity
This is very urgent. The road divider near Ward 7 is broken and unsafe.,Road
This needs immediate attention. Frequent power fluctuations are damaging appliances in Ward 1.,Electricity
This needs immediate attention. The electricity transformer near Ward 8 is making sparking sounds.,Electricity
This is a serious problem. The park in Ward 7 has broken equipment and needs repair.,Other
This is very urgent. The borewell motor in Ward 8 has stopped working since four days.,Water
We request a new bus stop shelter to be built in Ward 4.,Other
There is noise pollution from a nearby function in Ward 9.,Other
Please act quickly. Garbage has not been collected in Ward 3 for two days.,Sanitation
Please act quickly. The electric pole near our house in Ward 2 is leaning dangerously.,Electricity
This is very urgent. No water is coming to our taps for five days.,Water
Please act quickly. Exposed electrical wires are hanging near the road in Ward 7.,Electricity
This is very urgent. The borewell motor in Ward 1 has stopped working since two days.,Water
Please act quickly. The panchayat office in Ward 9 is not open during listed hours.,Other
This is a serious problem. There is a stray dog menace in Ward 2 for five days.,Other
This needs immediate attention. New street lights are needed near the bus stop in Ward 1.,Street Light
This is a serious problem. We have not received drinking water for four days in Ward 1.,Water
Please act quickly. There is a huge pothole on the main road in Ward 1.,Road
This is affecting many families. The road in Ward 7 has been damaged for five days after the rain.,Road
The open drain near Ward 1 is overflowing with dirty water.,Drainage
There is noise pollution from a nearby function in Ward 2.,Other
This is a serious problem. New street lights are needed near the bus stop in Ward 5.,Street Light
This is affecting many families. The road in Ward 2 has been damaged for since yesterday after the rain.,Road
This is affecting many families. There is a stray dog menace in Ward 5 for four days.,Other
This is affecting many families. Sewage is overflowing onto the street in Ward 9.,Sanitation
This is affecting many families. The drainage in Ward 8 is blocked and water is stagnating for several days.,Drainage
This needs immediate attention. There is an irregular water supply schedule in Ward 5 for one day.,Water
This is affecting many families. Rainwater is flooding the street in Ward 4 due to poor drainage.,Drainage
This needs immediate attention. There is a huge pothole on the main road in Ward 8.,Road
This needs immediate attention. We need a new community hall in Ward 7.,Other
This is affecting many families. The public toilet in Ward 4 is dirty and not maintained.,Sanitation
"Please act quickly. Several street lights are off in Ward 4, making it unsafe at night.",Street Light
This is very urgent. The street light near Ward 10 has not been working for several days.,Street Light
This is very urgent. The street light near Ward 2 has not been working for since yesterday.,Street Light
This is a serious problem. There is noise pollution from a nearby function in Ward 10.,Other
This needs immediate attention. The street light in Ward 4 has been broken since four days.,Street Light
This needs immediate attention. The electricity transformer near Ward 5 is making sparking sounds.,Electricity
This is very urgent. There is a stray dog menace in Ward 5 for a week.,Other
This is affecting many families. No water is coming to our taps for two days.,Water
Please act quickly. Sewage is overflowing onto the street in Ward 6.,Sanitation
This is very urgent. There is an irregular water supply schedule in Ward 3 for four days.,Water
"This needs immediate attention. Several street lights are off in Ward 7, making it unsafe at night.",Street Light
This is affecting many families. Rainwater is flooding the street in Ward 6 due to poor drainage.,Drainage
This is affecting many families. The panchayat office in Ward 3 is not open during listed hours.,Other
Please act quickly. Exposed electrical wires are hanging near the road in Ward 10.,Electricity
This is very urgent. The park in Ward 1 has broken equipment and needs repair.,Other
This is a serious problem. Stray animals are scattering garbage all over Ward 9.,Sanitation
This is very urgent. Drain water has been stagnant in Ward 6 for three days.,Drainage
This is a serious problem. Sewage is overflowing onto the street in Ward 5.,Sanitation
Please act quickly. It is completely dark near Ward 3 at night due to broken lights.,Street Light
This is affecting many families. The drainage in Ward 10 is blocked and water is stagnating for four days.,Drainage
Waste is piling up on the street corner in Ward 8 for three days.,Sanitation
This is affecting many families. It is completely dark near Ward 9 at night due to broken lights.,Street Light
Please act quickly. The street light pole in Ward 6 is damaged and flickering.,Street Light
This is affecting many families. Drinking water is contaminated and smells bad in Ward 5.,Water
This is a serious problem. We need a new community hall in Ward 7.,Other
This needs immediate attention. Drain water has been stagnant in Ward 7 for five days.,Drainage
Please act quickly. Drain water has been stagnant in Ward 1 for one day.,Drainage
This is affecting many families. Vehicles are getting stuck in mud on the unpaved road in Ward 2.,Road
This is affecting many families. The public toilet in Ward 5 is dirty and not maintained.,Sanitation
This is very urgent. There is a stray dog menace in Ward 1 for four days.,Other
This needs immediate attention. Sewage is overflowing onto the street in Ward 8.,Sanitation
This is affecting many families. The electricity meter reading seems incorrect for one day now.,Electricity
This is very urgent. Exposed electrical wires are hanging near the road in Ward 5.,Electricity
This is a serious problem. Exposed electrical wires are hanging near the road in Ward 9.,Electricity
This is affecting many families. New street lights are needed near the bus stop in Ward 5.,Street Light
Please act quickly. Sewage is overflowing onto the street in Ward 3.,Sanitation
This is affecting many families. The electric pole near our house in Ward 4 is leaning dangerously.,Electricity
No water is coming to our taps for a week.,Water
Frequent power fluctuations are damaging appliances in Ward 3.,Electricity
This needs immediate attention. The street light pole in Ward 5 is damaged and flickering.,Street Light
This is a serious problem. There has been a power cut in Ward 5 for four days.,Electricity
This is affecting many families. There is a stray dog menace in Ward 3 for two days.,Other
This needs immediate attention. Stray animals are scattering garbage all over Ward 2.,Sanitation
This is very urgent. The water tank in Ward 3 has not been filled for a week.,Water
We have had no electricity supply for five days in Ward 10.,Electricity
Please act quickly. Vehicles are getting stuck in mud on the unpaved road in Ward 3.,Road
This is affecting many families. The electricity transformer near Ward 9 is making sparking sounds.,Electricity
"The drainage cover is missing near Ward 4, which is dangerous.",Drainage
Sewage is overflowing onto the street in Ward 10.,Sanitation
This is affecting many families. We have had no electricity supply for one day in Ward 10.,Electricity
Please act quickly. There is a stray dog menace in Ward 7 for two days.,Other
This is very urgent. The electricity transformer near Ward 3 is making sparking sounds.,Electricity
This is a serious problem. Mosquitoes are breeding in the stagnant drain water in Ward 2.,Drainage
This is affecting many families. We request a new bus stop shelter to be built in Ward 6.,Other
The street light near Ward 1 has not been working for two days.,Street Light
There is a stray dog menace in Ward 8 for one day.,Other
This is affecting many families. We have not received drinking water for four days in Ward 10.,Water
This is affecting many families. The street light in Ward 4 has been broken since one day.,Street Light
Please act quickly. The electric pole near our house in Ward 6 is leaning dangerously.,Electricity
This needs immediate attention. We have not received drinking water for three days in Ward 6.,Water
This is very urgent. The panchayat office in Ward 9 is not open during listed hours.,Other
Please act quickly. The panchayat office in Ward 7 is not open during listed hours.,Other
This is very urgent. The road in Ward 5 has been damaged for one day after the rain.,Road
This is affecting many families. There is a huge pothole on the main road in Ward 2.,Road
This is affecting many families. The road near Ward 5 has not been repaired for five days.,Road
This is affecting many families. The road near Ward 9 has not been repaired for one day.,Road
This is affecting many families. The electric pole near our house in Ward 8 is leaning dangerously.,Electricity
This is affecting many families. Frequent power fluctuations are damaging appliances in Ward 4.,Electricity
Please act quickly. Rainwater is flooding the street in Ward 10 due to poor drainage.,Drainage
This needs immediate attention. The garbage truck has not come to Ward 7 for three days.,Sanitation
There has been a power cut in Ward 9 for four days.,Electricity
The street light in Ward 6 has been broken since four days.,Street Light
This needs immediate attention. The road near Ward 3 has not been repaired for two days.,Road
This is a serious problem. Mosquitoes are breeding in the stagnant drain water in Ward 8.,Drainage
Please act quickly. Exposed electrical wires are hanging near the road in Ward 9.,Electricity
Drain water has been stagnant in Ward 8 for five days.,Drainage
This is affecting many families. The drainage in Ward 9 is blocked and water is stagnating for four days.,Drainage
This needs immediate attention. Sewage is overflowing onto the street in Ward 2.,Sanitation
This is a serious problem. The open drain near Ward 9 is overflowing with dirty water.,Drainage
Please act quickly. Mosquitoes are breeding in the stagnant drain water in Ward 4.,Drainage
Please act quickly. The garbage truck has not come to Ward 8 for since yesterday.,Sanitation
This is affecting many families. We have not received drinking water for two days in Ward 6.,Water
"This is very urgent. Several street lights are off in Ward 9, making it unsafe at night.",Street Light
This is a serious problem. The street light pole in Ward 10 is damaged and flickering.,Street Light
This is a serious problem. Garbage has not been collected in Ward 9 for since yesterday.,Sanitation
This needs immediate attention. Rainwater is flooding the street in Ward 6 due to poor drainage.,Drainage
This needs immediate attention. The street light in Ward 2 has been broken since one day.,Street Light
This needs immediate attention. The road in Ward 2 has been damaged for several days after the rain.,Road
This is very urgent. New street lights are needed near the bus stop in Ward 10.,Street Light
Please act quickly. Frequent power fluctuations are damaging appliances in Ward 7.,Electricity
The garbage truck has not come to Ward 10 for several days.,Sanitation
This is affecting many families. The water tank in Ward 7 has not been filled for three days.,Water
Please act quickly. The drainage in Ward 10 is blocked and water is stagnating for five days.,Drainage
This needs immediate attention. We have not received drinking water for a week in Ward 9.,Water
This is very urgent. Waste is piling up on the street corner in Ward 4 for two days.,Sanitation
Please act quickly. The road near Ward 6 has not been repaired for two days.,Road
The newly laid road near Ward 9 is already cracking.,Road
This is affecting many families. Sewage is overflowing onto the street in Ward 5.,Sanitation
This needs immediate attention. We request a new bus stop shelter to be built in Ward 9.,Other
This is very urgent. It is completely dark near Ward 10 at night due to broken lights.,Street Light
The water supply pipeline near Ward 5 is leaking badly.,Water
This is a serious problem. Mosquitoes are breeding in the stagnant drain water in Ward 5.,Drainage
Please act quickly. The road divider near Ward 3 is broken and unsafe.,Road
There is noise pollution from a nearby function in Ward 5.,Other
This is affecting many families. The park in Ward 5 has broken equipment and needs repair.,Other
Sewage is overflowing onto the street in Ward 9.,Sanitation
The street light in Ward 5 has been broken since three days.,Street Light
This is very urgent. There is a bad smell from uncollected waste near Ward 2.,Sanitation
This is a serious problem. The water tank in Ward 9 has not been filled for three days.,Water
This is very urgent. The electricity meter reading seems incorrect for four days now.,Electricity
This is very urgent. Exposed electrical wires are hanging near the road in Ward 1.,Electricity
Please act quickly. There has been a power cut in Ward 10 for one day.,Electricity
The park in Ward 4 has broken equipment and needs repair.,Other
This needs immediate attention. We request a new bus stop shelter to be built in Ward 10.,Other
Please act quickly. Stray animals are scattering garbage all over Ward 6.,Sanitation
The electricity meter reading seems incorrect for three days now.,Electricity
We have had no electricity supply for one day in Ward 10.,Electricity
This is very urgent. It is completely dark near Ward 6 at night due to broken lights.,Street Light
This is a serious problem. We need a new community hall in Ward 1.,Other
Please act quickly. There is noise pollution from a nearby function in Ward 8.,Other
This is affecting many families. The public toilet in Ward 8 is dirty and not maintained.,Sanitation
This is affecting many families. No water is coming to our taps for several days.,Water
This is a serious problem. The road near Ward 10 has not been repaired for one day.,Road
"This is affecting many families. Several street lights are off in Ward 10, making it unsafe at night.",Street Light
Vehicles are getting stuck in mud on the unpaved road in Ward 4.,Road
This needs immediate attention. The street light in Ward 10 has been broken since a week.,Street Light
This needs immediate attention. The street light in Ward 8 has been broken since several days.,Street Light
This is affecting many families. Waste is piling up on the street corner in Ward 6 for four days.,Sanitation
This is very urgent. The street light pole in Ward 5 is damaged and flickering.,Street Light
Drain water has been stagnant in Ward 7 for since yesterday.,Drainage
This is a serious problem. The park in Ward 4 has broken equipment and needs repair.,Other
The electric pole near our house in Ward 2 is leaning dangerously.,Electricity
This is very urgent. Mosquitoes are breeding in the stagnant drain water in Ward 2.,Drainage
This is a serious problem. The street light near Ward 5 has not been working for two days.,Street Light
This is a serious problem. We request a new bus stop shelter to be built in Ward 7.,Other
There is an irregular water supply schedule in Ward 7 for a week.,Water
"This is a serious problem. Several street lights are off in Ward 1, making it unsafe at night.",Street Light
Frequent power fluctuations are damaging appliances in Ward 2.,Electricity
Please act quickly. The borewell motor in Ward 4 has stopped working since three days.,Water
"Please act quickly. There are no speed breakers near the school in Ward 1, causing accidents.",Road
This is affecting many families. The electricity transformer near Ward 5 is making sparking sounds.,Electricity
Please act quickly. There is a stray dog menace in Ward 1 for five days.,Other
This is very urgent. Sewage is overflowing onto the street in Ward 9.,Sanitation
Stray animals are scattering garbage all over Ward 6.,Sanitation
This needs immediate attention. The newly laid road near Ward 5 is already cracking.,Road
Please act quickly. Drinking water is contaminated and smells bad in Ward 4.,Water
This is a serious problem. We need a new community hall in Ward 3.,Other
This needs immediate attention. There has been a power cut in Ward 1 for a week.,Electricity
Please act quickly. Waste is piling up on the street corner in Ward 9 for one day.,Sanitation
This is a serious problem. Garbage has not been collected in Ward 10 for three days.,Sanitation
This is a serious problem. Sewage is overflowing onto the street in Ward 10.,Sanitation
We have had no electricity supply for a week in Ward 9.,Electricity
This is very urgent. The public toilet in Ward 5 is dirty and not maintained.,Sanitation
This is very urgent. We request a new bus stop shelter to be built in Ward 1.,Other
This is very urgent. The borewell motor in Ward 1 has stopped working since five days.,Water
"Please act quickly. The drainage cover is missing near Ward 9, which is dangerous.",Drainage
This is very urgent. New street lights are needed near the bus stop in Ward 6.,Street Light
This is affecting many families. The street light in Ward 5 has been broken since two days.,Street Light
This is very urgent. Waste is piling up on the street corner in Ward 7 for three days.,Sanitation
Please act quickly. The road near Ward 9 has not been repaired for a week.,Road
Please act quickly. The water supply pipeline near Ward 7 is leaking badly.,Water
This is affecting many families. The street light in Ward 10 has been broken since five days.,Street Light
We have not received drinking water for a week in Ward 3.,Water
"There are no speed breakers near the school in Ward 6, causing accidents.",Road
This needs immediate attention. There is a stray dog menace in Ward 2 for four days.,Other
The electricity transformer near Ward 5 is making sparking sounds.,Electricity
Please act quickly. The panchayat office in Ward 10 is not open during listed hours.,Other
This is very urgent. The borewell motor in Ward 4 has stopped working since a week.,Water
This needs immediate attention. We request a new bus stop shelter to be built in Ward 1.,Other
This is a serious problem. There is noise pollution from a nearby function in Ward 5.,Other
"The drainage cover is missing near Ward 5, which is dangerous.",Drainage
This is affecting many families. The park in Ward 7 has broken equipment and needs repair.,Other
This is a serious problem. Sewage is overflowing onto the street in Ward 8.,Sanitation
The water tank in Ward 1 has not been filled for one day.,Water
This is affecting many families. Sewage is overflowing onto the street in Ward 8.,Sanitation
This is a serious problem. We have not received drinking water for since yesterday in Ward 2.,Water
This is affecting many families. The electricity transformer near Ward 4 is making sparking sounds.,Electricity
This is affecting many families. The park in Ward 6 has broken equipment and needs repair.,Other
This needs immediate attention. The street light pole in Ward 2 is damaged and flickering.,Street Light
This is very urgent. The street light pole in Ward 7 is damaged and flickering.,Street Light
This is a serious problem. Stray animals are scattering garbage all over Ward 1.,Sanitation
We have not received drinking water for four days in Ward 1.,Water
This needs immediate attention. The water supply pipeline near Ward 6 is leaking badly.,Water
Please act quickly. Rainwater is flooding the street in Ward 8 due to poor drainage.,Drainage
This is affecting many families. The road near Ward 9 has not been repaired for four days.,Road
Please act quickly. The newly laid road near Ward 2 is already cracking.,Road
This is a serious problem. The open drain near Ward 8 is overflowing with dirty water.,Drainage
It is completely dark near Ward 3 at night due to broken lights.,Street Light
This is a serious problem. The street light in Ward 2 has been broken since several days.,Street Light
Waste is piling up on the street corner in Ward 1 for two days.,Sanitation
The electric pole near our house in Ward 6 is leaning dangerously.,Electricity
This needs immediate attention. There has been a power cut in Ward 9 for four days.,Electricity
This is a serious problem. Mosquitoes are breeding in the stagnant drain water in Ward 6.,Drainage
Drain water has been stagnant in Ward 1 for three days.,Drainage
This is very urgent. The borewell motor in Ward 8 has stopped working since since yesterday.,Water
This is very urgent. We have had no electricity supply for two days in Ward 10.,Electricity
This is a serious problem. There is a bad smell from uncollected waste near Ward 8.,Sanitation
Please act quickly. Frequent power fluctuations are damaging appliances in Ward 8.,Electricity
Sewage is overflowing onto the street in Ward 6.,Sanitation
This is affecting many families. We have not received drinking water for since yesterday in Ward 7.,Water
Please act quickly. The street light in Ward 6 has been broken since five days.,Street Light
Please act quickly. The drainage in Ward 9 is blocked and water is stagnating for since yesterday.,Drainage
This is a serious problem. The newly laid road near Ward 4 is already cracking.,Road
This is affecting many families. The borewell motor in Ward 9 has stopped working since since yesterday.,Water
This is affecting many families. The street light in Ward 4 has been broken since three days.,Street Light
This is a serious problem. The water supply pipeline near Ward 6 is leaking badly.,Water
This is affecting many families. The electricity meter reading seems incorrect for five days now.,Electricity
This is affecting many families. Mosquitoes are breeding in the stagnant drain water in Ward 7.,Drainage
This is a serious problem. The electricity transformer near Ward 6 is making sparking sounds.,Electricity
This is very urgent. The road in Ward 5 has been damaged for four days after the rain.,Road
This is a serious problem. Rainwater is flooding the street in Ward 10 due to poor drainage.,Drainage
The borewell motor in Ward 9 has stopped working since five days.,Water
The road in Ward 7 has been damaged for several days after the rain.,Road
This is a serious problem. The park in Ward 9 has broken equipment and needs repair.,Other
There is noise pollution from a nearby function in Ward 7.,Other
"This is a serious problem. The drainage cover is missing near Ward 9, which is dangerous.",Drainage
Drinking water is contaminated and smells bad in Ward 5.,Water
This is a serious problem. There is an irregular water supply schedule in Ward 10 for five days.,Water
This is affecting many families. The garbage truck has not come to Ward 3 for several days.,Sanitation
Please act quickly. Exposed electrical wires are hanging near the road in Ward 6.,Electricity
The electric pole near our house in Ward 8 is leaning dangerously.,Electricity
Please act quickly. It is completely dark near Ward 4 at night due to broken lights.,Street Light
This is very urgent. We need a new community hall in Ward 5.,Other
This is very urgent. Rainwater is flooding the street in Ward 8 due to poor drainage.,Drainage
This is a serious problem. Waste is piling up on the street corner in Ward 10 for three days.,Sanitation
This is affecting many families. The street light in Ward 6 has been broken since a week.,Street Light
This needs immediate attention. The road near Ward 10 has not been repaired for several days.,Road
This needs immediate attention. Mosquitoes are breeding in the stagnant drain water in Ward 2.,Drainage
This needs immediate attention. There is noise pollution from a nearby function in Ward 4.,Other
Please act quickly. Garbage has not been collected in Ward 1 for four days.,Sanitation
This is a serious problem. The electric pole near our house in Ward 10 is leaning dangerously.,Electricity
This is a serious problem. We need a new community hall in Ward 4.,Other
This needs immediate attention. Garbage has not been collected in Ward 2 for five days.,Sanitation
The garbage truck has not come to Ward 7 for five days.,Sanitation
Drinking water is contaminated and smells bad in Ward 4.,Water
Mosquitoes are breeding in the stagnant drain water in Ward 2.,Drainage
This is affecting many families. There is an irregular water supply schedule in Ward 7 for one day.,Water
This needs immediate attention. The newly laid road near Ward 8 is already cracking.,Road
This is very urgent. Vehicles are getting stuck in mud on the unpaved road in Ward 1.,Road
This needs immediate attention. Drinking water is contaminated and smells bad in Ward 9.,Water
This is very urgent. The park in Ward 2 has broken equipment and needs repair.,Other
This needs immediate attention. There has been a power cut in Ward 8 for a week.,Electricity
This is a serious problem. The road near Ward 1 has not been repaired for several days.,Road
Please act quickly. There is an irregular water supply schedule in Ward 8 for two days.,Water
This is affecting many families. The public toilet in Ward 6 is dirty and not maintained.,Sanitation
This needs immediate attention. The road in Ward 3 has been damaged for one day after the rain.,Road
This is a serious problem. Drain water has been stagnant in Ward 8 for four days.,Drainage
This is a serious problem. We have not received drinking water for one day in Ward 3.,Water
This needs immediate attention. The drainage in Ward 4 is blocked and water is stagnating for three days.,Drainage
This is a serious problem. The electricity meter reading seems incorrect for two days now.,Electricity
"There are no speed breakers near the school in Ward 8, causing accidents.",Road
Vehicles are getting stuck in mud on the unpaved road in Ward 1.,Road
"There are no speed breakers near the school in Ward 3, causing accidents.",Road
This is very urgent. Drinking water is contaminated and smells bad in Ward 4.,Water
This needs immediate attention. There is a stray dog menace in Ward 5 for three days.,Other
This is a serious problem. The electric pole near our house in Ward 8 is leaning dangerously.,Electricity
This is a serious problem. The street light pole in Ward 6 is damaged and flickering.,Street Light
This needs immediate attention. There is an irregular water supply schedule in Ward 9 for since yesterday.,Water
There is noise pollution from a nearby function in Ward 3.,Other
This is affecting many families. Mosquitoes are breeding in the stagnant drain water in Ward 10.,Drainage
This is a serious problem. There has been a power cut in Ward 6 for a week.,Electricity
Please act quickly. Mosquitoes are breeding in the stagnant drain water in Ward 10.,Drainage
We request a new bus stop shelter to be built in Ward 8.,Other
Please act quickly. The panchayat office in Ward 5 is not open during listed hours.,Other
This is a serious problem. The electricity transformer near Ward 2 is making sparking sounds.,Electricity
This needs immediate attention. The borewell motor in Ward 1 has stopped working since two days.,Water
This is very urgent. We need a new community hall in Ward 8.,Other
This is affecting many families. The public toilet in Ward 10 is dirty and not maintained.,Sanitation
Please act quickly. The street light in Ward 7 has been broken since five days.,Street Light
This is very urgent. No water is coming to our taps for four days.,Water
We need a new community hall in Ward 4.,Other
The electricity meter reading seems incorrect for several days now.,Electricity
The road in Ward 10 has been damaged for one day after the rain.,Road
This needs immediate attention. The road divider near Ward 4 is broken and unsafe.,Road
This is a serious problem. The garbage truck has not come to Ward 6 for two days.,Sanitation
There is noise pollution from a nearby function in Ward 6.,Other
This needs immediate attention. Mosquitoes are breeding in the stagnant drain water in Ward 1.,Drainage
This is a serious problem. Rainwater is flooding the street in Ward 7 due to poor drainage.,Drainage
This is affecting many families. There has been a power cut in Ward 4 for five days.,Electricity
This is a serious problem. Waste is piling up on the street corner in Ward 4 for five days.,Sanitation
Please act quickly. The panchayat office in Ward 2 is not open during listed hours.,Other
This is affecting many families. The street light in Ward 6 has been broken since two days.,Street Light
This needs immediate attention. The electricity meter reading seems incorrect for several days now.,Electricity
Please act quickly. The road near Ward 8 has not been repaired for since yesterday.,Road
The open drain near Ward 2 is overflowing with dirty water.,Drainage
This is affecting many families. The street light near Ward 5 has not been working for since yesterday.,Street Light
"This needs immediate attention. The drainage cover is missing near Ward 6, which is dangerous.",Drainage
This is a serious problem. Waste is piling up on the street corner in Ward 3 for a week.,Sanitation
This is a serious problem. Frequent power fluctuations are damaging appliances in Ward 2.,Electricity
This needs immediate attention. The electricity transformer near Ward 4 is making sparking sounds.,Electricity
This needs immediate attention. There is a huge pothole on the main road in Ward 7.,Road
The road near Ward 1 has not been repaired for three days.,Road
This needs immediate attention. There is a huge pothole on the main road in Ward 5.,Road
The borewell motor in Ward 4 has stopped working since four days.,Water
There is a stray dog menace in Ward 4 for a week.,Other
Please act quickly. The public toilet in Ward 10 is dirty and not maintained.,Sanitation
This needs immediate attention. Mosquitoes are breeding in the stagnant drain water in Ward 6.,Drainage
Garbage has not been collected in Ward 9 for three days.,Sanitation
Please act quickly. Drinking water is contaminated and smells bad in Ward 1.,Water
This is a serious problem. Stray animals are scattering garbage all over Ward 8.,Sanitation
This needs immediate attention. There is noise pollution from a nearby function in Ward 1.,Other
Please act quickly. No water is coming to our taps for five days.,Water
Please act quickly. We request a new bus stop shelter to be built in Ward 1.,Other
This is very urgent. We need a new community hall in Ward 2.,Other
Please act quickly. Rainwater is flooding the street in Ward 9 due to poor drainage.,Drainage
Please act quickly. The electricity transformer near Ward 1 is making sparking sounds.,Electricity
This is a serious problem. The borewell motor in Ward 6 has stopped working since since yesterday.,Water
Please act quickly. The water tank in Ward 3 has not been filled for a week.,Water
The road divider near Ward 5 is broken and unsafe.,Road
This needs immediate attention. Exposed electrical wires are hanging near the road in Ward 4.,Electricity
"This is affecting many families. There are no speed breakers near the school in Ward 10, causing accidents.",Road
This is affecting many families. We have had no electricity supply for since yesterday in Ward 9.,Electricity
This needs immediate attention. There has been a power cut in Ward 7 for several days.,Electricity
There is a stray dog menace in Ward 1 for several days.,Other
"This needs immediate attention. There are no speed breakers near the school in Ward 1, causing accidents.",Road
This needs immediate attention. There is an irregular water supply schedule in Ward 2 for one day.,Water
Please act quickly. New street lights are needed near the bus stop in Ward 5.,Street Light
This is a serious problem. The street light pole in Ward 9 is damaged and flickering.,Street Light
This needs immediate attention. The water tank in Ward 5 has not been filled for four days.,Water
This is very urgent. There is noise pollution from a nearby function in Ward 7.,Other
This needs immediate attention. Rainwater is flooding the street in Ward 4 due to poor drainage.,Drainage
This is a serious problem. We request a new bus stop shelter to be built in Ward 9.,Other
This is affecting many families. There is noise pollution from a nearby function in Ward 10.,Other
This is a serious problem. The water supply pipeline near Ward 1 is leaking badly.,Water
This is affecting many families. No water is coming to our taps for one day.,Water
The street light pole in Ward 8 is damaged and flickering.,Street Light
Exposed electrical wires are hanging near the road in Ward 8.,Electricity
This needs immediate attention. The road near Ward 7 has not been repaired for since yesterday.,Road
This is very urgent. The street light pole in Ward 8 is damaged and flickering.,Street Light
"Several street lights are off in Ward 10, making it unsafe at night.",Street Light
The electricity transformer near Ward 8 is making sparking sounds.,Electricity
This is affecting many families. The street light near Ward 1 has not been working for four days.,Street Light
This is affecting many families. Frequent power fluctuations are damaging appliances in Ward 7.,Electricity
This is a serious problem. New street lights are needed near the bus stop in Ward 3.,Street Light
This is a serious problem. The street light pole in Ward 1 is damaged and flickering.,Street Light
The public toilet in Ward 2 is dirty and not maintained.,Sanitation
Please act quickly. The drainage in Ward 6 is blocked and water is stagnating for one day.,Drainage
Please act quickly. There is noise pollution from a nearby function in Ward 7.,Other
The water supply pipeline near Ward 3 is leaking badly.,Water
This is a serious problem. Mosquitoes are breeding in the stagnant drain water in Ward 7.,Drainage
There is a stray dog menace in Ward 9 for several days.,Other
Please act quickly. Mosquitoes are breeding in the stagnant drain water in Ward 7.,Drainage
Please act quickly. The park in Ward 3 has broken equipment and needs repair.,Other
"Please act quickly. There are no speed breakers near the school in Ward 2, causing accidents.",Road
This is very urgent. Mosquitoes are breeding in the stagnant drain water in Ward 3.,Drainage
Please act quickly. The newly laid road near Ward 8 is already cracking.,Road
Please act quickly. There has been a power cut in Ward 5 for four days.,Electricity
This is affecting many families. The electricity transformer near Ward 7 is making sparking sounds.,Electricity
This is very urgent. The public toilet in Ward 4 is dirty and not maintained.,Sanitation
This needs immediate attention. The panchayat office in Ward 2 is not open during listed hours.,Other
This needs immediate attention. It is completely dark near Ward 9 at night due to broken lights.,Street Light
This needs immediate attention. The park in Ward 3 has broken equipment and needs repair.,Other
Please act quickly. We have not received drinking water for one day in Ward 2.,Water
The panchayat office in Ward 6 is not open during listed hours.,Other
"Please act quickly. Several street lights are off in Ward 1, making it unsafe at night.",Street Light
This is very urgent. The road near Ward 4 has not been repaired for five days.,Road
Please act quickly. Vehicles are getting stuck in mud on the unpaved road in Ward 1.,Road
"This is very urgent. The drainage cover is missing near Ward 3, which is dangerous.",Drainage
"There are no speed breakers near the school in Ward 2, causing accidents.",Road
This is a serious problem. The borewell motor in Ward 8 has stopped working since five days.,Water
This is affecting many families. Exposed electrical wires are hanging near the road in Ward 5.,Electricity
This is very urgent. Frequent power fluctuations are damaging appliances in Ward 10.,Electricity
"Several street lights are off in Ward 9, making it unsafe at night.",Street Light
This is affecting many families. There is a stray dog menace in Ward 5 for two days.,Other
The garbage truck has not come to Ward 3 for four days.,Sanitation
Please act quickly. The street light pole in Ward 2 is damaged and flickering.,Street Light
This is very urgent. The street light in Ward 3 has been broken since three days.,Street Light
This is very urgent. The water supply pipeline near Ward 4 is leaking badly.,Water
"This needs immediate attention. There are no speed breakers near the school in Ward 5, causing accidents.",Road
This is affecting many families. There is an irregular water supply schedule in Ward 3 for since yesterday.,Water
This needs immediate attention. The electric pole near our house in Ward 8 is leaning dangerously.,Electricity
This is a serious problem. Drain water has been stagnant in Ward 2 for several days.,Drainage
This is very urgent. The newly laid road near Ward 5 is already cracking.,Road
This needs immediate attention. The water supply pipeline near Ward 9 is leaking badly.,Water
This needs immediate attention. We have had no electricity supply for five days in Ward 6.,Electricity
This needs immediate attention. There is a huge pothole on the main road in Ward 10.,Road
This is very urgent. The public toilet in Ward 8 is dirty and not maintained.,Sanitation
This is affecting many families. There is a huge pothole on the main road in Ward 6.,Road
This is a serious problem. The street light near Ward 7 has not been working for five days.,Street Light
"Please act quickly. Several street lights are off in Ward 9, making it unsafe at night.",Street Light
This needs immediate attention. There is a huge pothole on the main road in Ward 1.,Road
"This is a serious problem. Several street lights are off in Ward 8, making it unsafe at night.",Street Light
Please act quickly. The park in Ward 10 has broken equipment and needs repair.,Other
This needs immediate attention. The street light near Ward 6 has not been working for three days.,Street Light
Please act quickly. The street light near Ward 1 has not been working for three days.,Street Light
This is very urgent. There is a bad smell from uncollected waste near Ward 5.,Sanitation
This needs immediate attention. The panchayat office in Ward 10 is not open during listed hours.,Other
We request a new bus stop shelter to be built in Ward 1.,Other
This is affecting many families. The public toilet in Ward 7 is dirty and not maintained.,Sanitation
Please act quickly. There is an irregular water supply schedule in Ward 4 for three days.,Water
This is very urgent. There is a stray dog menace in Ward 7 for one day.,Other
This is very urgent. New street lights are needed near the bus stop in Ward 8.,Street Light
Mosquitoes are breeding in the stagnant drain water in Ward 7.,Drainage
"There are no speed breakers near the school in Ward 5, causing accidents.",Road
Please act quickly. The street light in Ward 8 has been broken since five days.,Street Light
Please act quickly. We need a new community hall in Ward 9.,Other
Please act quickly. The drainage in Ward 5 is blocked and water is stagnating for several days.,Drainage
This is very urgent. The electricity transformer near Ward 5 is making sparking sounds.,Electricity
This is affecting many families. Stray animals are scattering garbage all over Ward 3.,Sanitation
Please act quickly. The electricity transformer near Ward 4 is making sparking sounds.,Electricity
This is affecting many families. The garbage truck has not come to Ward 2 for a week.,Sanitation
This is a serious problem. The road divider near Ward 2 is broken and unsafe.,Road
There is an irregular water supply schedule in Ward 7 for one day.,Water
We have not received drinking water for one day in Ward 1.,Water
"Please act quickly. Several street lights are off in Ward 7, making it unsafe at night.",Street Light
Please act quickly. The street light near Ward 3 has not been working for three days.,Street Light
The garbage truck has not come to Ward 10 for since yesterday.,Sanitation
This is affecting many families. New street lights are needed near the bus stop in Ward 4.,Street Light
This is very urgent. The road near Ward 6 has not been repaired for four days.,Road
This is very urgent. The drainage in Ward 2 is blocked and water is stagnating for a week.,Drainage
"This is affecting many families. There are no speed breakers near the school in Ward 8, causing accidents.",Road
"The drainage cover is missing near Ward 1, which is dangerous.",Drainage
This is affecting many families. Mosquitoes are breeding in the stagnant drain water in Ward 6.,Drainage
This is very urgent. Drain water has been stagnant in Ward 8 for several days.,Drainage
Please act quickly. No water is coming to our taps for three days.,Water
This is a serious problem. Frequent power fluctuations are damaging appliances in Ward 4.,Electricity
This needs immediate attention. There is a bad smell from uncollected waste near Ward 2.,Sanitation
