text,category,recurrence_count,priority
Exposed electrical wires are hanging near the road in Ward 7.,Electricity,0,Medium
This needs immediate attention. Rainwater is flooding the street in Ward 4 due to poor drainage.,Drainage,1,High
This is affecting many families. Please act quickly. The street light near Ward 1 has not been working for since yesterday.,Street Light,1,Medium
This is affecting many families. Rainwater is flooding the street in Ward 4 due to poor drainage.,Drainage,0,Medium
Please act quickly. Waste is piling up on the street corner in Ward 1 for since yesterday.,Sanitation,3,Medium
The newly laid road near Ward 5 is already cracking.,Road,1,Low
This is affecting many families. New street lights are needed near the bus stop in Ward 2.,Street Light,0,Low
The park in Ward 8 has broken equipment and needs repair.,Other,1,High
"Please act quickly. The drainage cover is missing near Ward 1, which is dangerous.",Drainage,3,High
The road near Ward 10 has not been repaired for five days.,Road,2,Medium
Please act quickly. Exposed electrical wires are hanging near the road in Ward 1.,Electricity,0,Low
This is very urgent. The drainage in Ward 4 is blocked and water is stagnating for four days.,Drainage,2,Medium
Mosquitoes are breeding in the stagnant drain water in Ward 3.,Drainage,5,Medium
Please act quickly. The water supply pipeline near Ward 2 is leaking badly.,Water,1,High
This needs immediate attention. Drinking water is contaminated and smells bad in Ward 1.,Water,1,Medium
Vehicles are getting stuck in mud on the unpaved road in Ward 6.,Road,0,Low
This is a serious problem. Drain water has been stagnant in Ward 7 for two days.,Drainage,2,Medium
"The drainage cover is missing near Ward 1, which is dangerous.",Drainage,12,High
We need a new community hall in Ward 4.,Other,0,Low
This needs immediate attention. No water is coming to our taps for one day.,Water,2,Medium
We have had no electricity supply for three days in Ward 7.,Electricity,0,Low
Vehicles are getting stuck in mud on the unpaved road in Ward 1.,Road,0,Low
The road divider near Ward 4 is broken and unsafe.,Road,1,Low
Frequent power fluctuations are damaging appliances in Ward 3.,Electricity,0,Low
The panchayat office in Ward 4 is not open during listed hours.,Other,8,Medium
This is very urgent. There is a bad smell from uncollected waste near Ward 6.,Sanitation,2,Medium
This is very urgent. We have had no electricity supply for four days in Ward 2.,Electricity,0,Low
New street lights are needed near the bus stop in Ward 4.,Street Light,1,Low
The water tank in Ward 10 has not been filled for one day.,Water,3,Medium
Vehicles are getting stuck in mud on the unpaved road in Ward 3.,Road,0,Low
This needs immediate attention. Drain water has been stagnant in Ward 4 for several days.,Drainage,0,Medium
The electricity transformer near Ward 9 is making sparking sounds.,Electricity,3,Low
This is very urgent. This needs immediate attention. We have had no electricity supply for four days in Ward 8.,Electricity,2,Medium
This is a serious problem. The drainage in Ward 5 is blocked and water is stagnating for several days.,Drainage,2,High
The public toilet in Ward 6 is dirty and not maintained.,Sanitation,0,Low
This is a serious problem. We request a new bus stop shelter to be built in Ward 5.,Other,8,Medium
"This is very urgent. This is a serious problem. Several street lights are off in Ward 8, making it unsafe at night.",Street Light,1,Medium
This is affecting many families. The park in Ward 3 has broken equipment and needs repair.,Other,0,Low
The road in Ward 8 has been damaged for four days after the rain.,Road,0,Low
We have had no electricity supply for four days in Ward 9.,Electricity,2,Low
"Please act quickly. Several street lights are off in Ward 7, making it unsafe at night.",Street Light,1,Medium
"This is affecting many families. Several street lights are off in Ward 1, making it unsafe at night.",Street Light,0,Medium
The electric pole near our house in Ward 9 is leaning dangerously.,Electricity,5,Medium
Please act quickly. The road in Ward 10 has been damaged for four days after the rain.,Road,8,Medium
This needs immediate attention. The panchayat office in Ward 9 is not open during listed hours.,Other,2,Medium
This is very urgent. The road divider near Ward 9 is broken and unsafe.,Road,1,High
This needs immediate attention. The street light near Ward 9 has not been working for four days.,Street Light,2,Medium
"This is a serious problem. The drainage cover is missing near Ward 2, which is dangerous.",Drainage,5,High
The garbage truck has not come to Ward 8 for four days.,Sanitation,0,Low
This needs immediate attention. This is affecting many families. Vehicles are getting stuck in mud on the unpaved road in Ward 5.,Road,5,High
Please act quickly. This needs immediate attention. There is a huge pothole on the main road in Ward 8.,Road,0,High
Garbage has not been collected in Ward 9 for a week.,Sanitation,1,Low
Drain water has been stagnant in Ward 6 for since yesterday.,Drainage,2,Low
This is very urgent. Garbage has not been collected in Ward 1 for since yesterday.,Sanitation,2,Medium
The open drain near Ward 8 is overflowing with dirty water.,Drainage,1,Medium
This is affecting many families. This is a serious problem. The water tank in Ward 5 has not been filled for a week.,Water,2,Medium
The panchayat office in Ward 5 is not open during listed hours.,Other,2,Low
This needs immediate attention. The drainage in Ward 8 is blocked and water is stagnating for several days.,Drainage,1,Low
Please act quickly. We have not received drinking water for a week in Ward 3.,Water,8,High
We have not received drinking water for five days in Ward 7.,Water,0,Low
"This needs immediate attention. Please act quickly. There are no speed breakers near the school in Ward 1, causing accidents.",Road,1,Medium
This is a serious problem. The electricity meter reading seems incorrect for three days now.,Electricity,5,Medium
This needs immediate attention. The electricity meter reading seems incorrect for one day now.,Electricity,1,Medium
This is very urgent. This needs immediate attention. There is an irregular water supply schedule in Ward 2 for three days.,Water,3,High
This is a serious problem. This needs immediate attention. There is a bad smell from uncollected waste near Ward 10.,Sanitation,1,High
The water tank in Ward 10 has not been filled for a week.,Water,1,Low
The park in Ward 5 has broken equipment and needs repair.,Other,2,Low
This needs immediate attention. This is very urgent. The borewell motor in Ward 1 has stopped working since three days.,Water,5,High
The public toilet in Ward 2 is dirty and not maintained.,Sanitation,2,Low
The drainage in Ward 1 is blocked and water is stagnating for five days.,Drainage,3,Low
This is a serious problem. Please act quickly. There is a stray dog menace in Ward 7 for four days.,Other,1,Low
The open drain near Ward 1 is overflowing with dirty water.,Drainage,1,Low
No water is coming to our taps for one day.,Water,1,Low
This is affecting many families. The electric pole near our house in Ward 2 is leaning dangerously.,Electricity,2,Medium
This is affecting many families. This is a serious problem. Mosquitoes are breeding in the stagnant drain water in Ward 8.,Drainage,1,High
The street light near Ward 6 has not been working for one day.,Street Light,5,Low
The park in Ward 9 has broken equipment and needs repair.,Other,5,Low
This is very urgent. Please act quickly. There is a stray dog menace in Ward 1 for five days.,Other,1,High
This is a serious problem. There is noise pollution from a nearby function in Ward 2.,Other,3,High
This is affecting many families. There is noise pollution from a nearby function in Ward 4.,Other,0,Low
Vehicles are getting stuck in mud on the unpaved road in Ward 9.,Road,1,Low
This is a serious problem. The garbage truck has not come to Ward 9 for a week.,Sanitation,5,High
Mosquitoes are breeding in the stagnant drain water in Ward 3.,Drainage,5,Low
"This is affecting many families. The drainage cover is missing near Ward 3, which is dangerous.",Drainage,2,Medium
The electric pole near our house in Ward 5 is leaning dangerously.,Electricity,0,Low
The drainage in Ward 9 is blocked and water is stagnating for four days.,Drainage,2,Low
We have not received drinking water for several days in Ward 2.,Water,0,Low
"This is very urgent. The drainage cover is missing near Ward 8, which is dangerous.",Drainage,1,Medium
Mosquitoes are breeding in the stagnant drain water in Ward 4.,Drainage,3,Medium
This is affecting many families. The street light near Ward 10 has not been working for two days.,Street Light,1,High
This needs immediate attention. No water is coming to our taps for five days.,Water,2,Medium
Please act quickly. There is a stray dog menace in Ward 5 for several days.,Other,1,Medium
The street light pole in Ward 10 is damaged and flickering.,Street Light,1,Low
"Several street lights are off in Ward 8, making it unsafe at night.",Street Light,0,Low
Please act quickly. This is a serious problem. We have not received drinking water for four days in Ward 9.,Water,8,High
This needs immediate attention. This is very urgent. There is a bad smell from uncollected waste near Ward 5.,Sanitation,2,Medium
Please act quickly. The electricity meter reading seems incorrect for a week now.,Electricity,0,Medium
This is a serious problem. Garbage has not been collected in Ward 6 for five days.,Sanitation,3,High
This is very urgent. This needs immediate attention. The road divider near Ward 3 is broken and unsafe.,Road,2,High
Waste is piling up on the street corner in Ward 7 for several days.,Sanitation,0,Low
There is noise pollution from a nearby function in Ward 6.,Other,0,Low
There is a stray dog menace in Ward 4 for two days.,Other,1,Low
This is very urgent. Exposed electrical wires are hanging near the road in Ward 10.,Electricity,0,Medium
This is very urgent. There is a huge pothole on the main road in Ward 7.,Road,2,High
This is a serious problem. Exposed electrical wires are hanging near the road in Ward 5.,Electricity,3,Medium
This is a serious problem. We have not received drinking water for several days in Ward 8.,Water,1,High
There is a huge pothole on the main road in Ward 10.,Road,3,Low
The road divider near Ward 8 is broken and unsafe.,Road,5,Medium
New street lights are needed near the bus stop in Ward 9.,Street Light,5,Low
This is very urgent. This is affecting many families. We have not received drinking water for three days in Ward 8.,Water,0,High
This is a serious problem. There is noise pollution from a nearby function in Ward 5.,Other,5,Low
The street light near Ward 7 has not been working for a week.,Street Light,0,Low
This needs immediate attention. This is very urgent. Frequent power fluctuations are damaging appliances in Ward 7.,Electricity,1,High
This needs immediate attention. Stray animals are scattering garbage all over Ward 8.,Sanitation,2,High
This is a serious problem. This is very urgent. Exposed electrical wires are hanging near the road in Ward 5.,Electricity,1,High
"This is a serious problem. This needs immediate attention. The drainage cover is missing near Ward 5, which is dangerous.",Drainage,2,High
This is affecting many families. This is a serious problem. The park in Ward 7 has broken equipment and needs repair.,Other,1,High
The drainage in Ward 8 is blocked and water is stagnating for several days.,Drainage,12,Medium
Garbage has not been collected in Ward 4 for two days.,Sanitation,1,Low
There is noise pollution from a nearby function in Ward 6.,Other,8,Low
Mosquitoes are breeding in the stagnant drain water in Ward 5.,Drainage,0,Low
The public toilet in Ward 6 is dirty and not maintained.,Sanitation,1,Low
The street light near Ward 9 has not been working for three days.,Street Light,0,Low
There has been a power cut in Ward 3 for one day.,Electricity,3,Low
This needs immediate attention. The garbage truck has not come to Ward 7 for four days.,Sanitation,0,High
We need a new community hall in Ward 5.,Other,12,Low
Please act quickly. The garbage truck has not come to Ward 1 for since yesterday.,Sanitation,2,Medium
There is a stray dog menace in Ward 3 for one day.,Other,2,Low
The public toilet in Ward 5 is dirty and not maintained.,Sanitation,2,Medium
The open drain near Ward 5 is overflowing with dirty water.,Drainage,12,Low
This is very urgent. We have had no electricity supply for four days in Ward 6.,Electricity,12,High
This needs immediate attention. There is a huge pothole on the main road in Ward 2.,Road,8,Medium
This is affecting many families. Drinking water is contaminated and smells bad in Ward 3.,Water,1,Medium
Please act quickly. No water is coming to our taps for two days.,Water,0,High
Garbage has not been collected in Ward 3 for one day.,Sanitation,2,Low
Exposed electrical wires are hanging near the road in Ward 4.,Electricity,0,Low
The road divider near Ward 5 is broken and unsafe.,Road,1,Low
Waste is piling up on the street corner in Ward 9 for a week.,Sanitation,2,Low
"Please act quickly. This is a serious problem. There are no speed breakers near the school in Ward 10, causing accidents.",Road,1,Medium
Please act quickly. We request a new bus stop shelter to be built in Ward 8.,Other,1,Low
We need a new community hall in Ward 5.,Other,8,Low
There is noise pollution from a nearby function in Ward 3.,Other,8,Low
The open drain near Ward 3 is overflowing with dirty water.,Drainage,2,Low
The road divider near Ward 10 is broken and unsafe.,Road,2,Medium
This is a serious problem. This needs immediate attention. The drainage in Ward 2 is blocked and water is stagnating for one day.,Drainage,0,Medium
This is a serious problem. The drainage in Ward 5 is blocked and water is stagnating for one day.,Drainage,2,Low
Frequent power fluctuations are damaging appliances in Ward 2.,Electricity,2,Medium
Please act quickly. Sewage is overflowing onto the street in Ward 3.,Sanitation,0,Low
This is affecting many families. The electric pole near our house in Ward 8 is leaning dangerously.,Electricity,5,High
This is very urgent. There is a huge pothole on the main road in Ward 6.,Road,8,High
Please act quickly. The electric pole near our house in Ward 5 is leaning dangerously.,Electricity,1,High
The road in Ward 6 has been damaged for three days after the rain.,Road,1,Low
Garbage has not been collected in Ward 3 for several days.,Sanitation,1,Low
The open drain near Ward 10 is overflowing with dirty water.,Drainage,0,Low
"This needs immediate attention. This is affecting many families. The drainage cover is missing near Ward 3, which is dangerous.",Drainage,0,Medium
"This needs immediate attention. Please act quickly. Several street lights are off in Ward 3, making it unsafe at night.",Street Light,0,Medium
We have had no electricity supply for a week in Ward 1.,Electricity,3,Medium
Please act quickly. We have not received drinking water for two days in Ward 4.,Water,1,Medium
This is a serious problem. We have had no electricity supply for since yesterday in Ward 9.,Electricity,0,Low
This is a serious problem. Vehicles are getting stuck in mud on the unpaved road in Ward 7.,Road,1,Medium
This is a serious problem. The electricity meter reading seems incorrect for four days now.,Electricity,3,High
The panchayat office in Ward 1 is not open during listed hours.,Other,1,Low
This is very urgent. The road divider near Ward 4 is broken and unsafe.,Road,2,Low
This is affecting many families. The open drain near Ward 9 is overflowing with dirty water.,Drainage,0,Medium
This is very urgent. The park in Ward 7 has broken equipment and needs repair.,Other,1,Medium
This needs immediate attention. The road near Ward 1 has not been repaired for four days.,Road,2,Medium
This is affecting many families. The street light in Ward 8 has been broken since one day.,Street Light,0,Low
Garbage has not been collected in Ward 1 for several days.,Sanitation,1,Low
This is affecting many families. The water tank in Ward 6 has not been filled for two days.,Water,3,Medium
This needs immediate attention. The borewell motor in Ward 9 has stopped working since five days.,Water,1,High
"The drainage cover is missing near Ward 1, which is dangerous.",Drainage,1,Medium
This is a serious problem. This is affecting many families. We have had no electricity supply for four days in Ward 1.,Electricity,2,High
This needs immediate attention. The electricity transformer near Ward 2 is making sparking sounds.,Electricity,0,Medium
This is a serious problem. No water is coming to our taps for a week.,Water,0,Medium
Stray animals are scattering garbage all over Ward 8.,Sanitation,1,Low
There is a bad smell from uncollected waste near Ward 9.,Sanitation,0,Low
The street light pole in Ward 3 is damaged and flickering.,Street Light,5,Low
The electricity transformer near Ward 8 is making sparking sounds.,Electricity,12,High
This is a serious problem. Sewage is overflowing onto the street in Ward 2.,Sanitation,1,Low
Drain water has been stagnant in Ward 3 for five days.,Drainage,1,Low
There is a stray dog menace in Ward 5 for several days.,Other,0,Low
This needs immediate attention. The water supply pipeline near Ward 8 is leaking badly.,Water,2,Low
This is very urgent. This is a serious problem. The road divider near Ward 3 is broken and unsafe.,Road,8,High
This needs immediate attention. Please act quickly. The park in Ward 2 has broken equipment and needs repair.,Other,5,Low
The electric pole near our house in Ward 9 is leaning dangerously.,Electricity,3,Medium
Please act quickly. Sewage is overflowing onto the street in Ward 5.,Sanitation,1,Low
The panchayat office in Ward 4 is not open during listed hours.,Other,2,Low
"The drainage cover is missing near Ward 10, which is dangerous.",Drainage,2,Medium
This is very urgent. We request a new bus stop shelter to be built in Ward 3.,Other,0,Low
This is a serious problem. This needs immediate attention. The water tank in Ward 8 has not been filled for five days.,Water,1,High
This is very urgent. This needs immediate attention. There is noise pollution from a nearby function in Ward 3.,Other,0,Medium
Please act quickly. There is a stray dog menace in Ward 4 for three days.,Other,3,Medium
This is very urgent. Sewage is overflowing onto the street in Ward 4.,Sanitation,5,Medium
We need a new community hall in Ward 5.,Other,0,Low
We request a new bus stop shelter to be built in Ward 5.,Other,0,Low
This is very urgent. The newly laid road near Ward 10 is already cracking.,Road,0,Low
The street light pole in Ward 7 is damaged and flickering.,Street Light,0,Low
No water is coming to our taps for since yesterday.,Water,0,Low
Please act quickly. We have not received drinking water for one day in Ward 1.,Water,0,Medium
The road divider near Ward 9 is broken and unsafe.,Road,0,Low
This needs immediate attention. Garbage has not been collected in Ward 10 for several days.,Sanitation,3,Medium
This needs immediate attention. This is affecting many families. The garbage truck has not come to Ward 3 for a week.,Sanitation,12,High
This is a serious problem. This needs immediate attention. Mosquitoes are breeding in the stagnant drain water in Ward 6.,Drainage,1,High
This is affecting many families. We have not received drinking water for several days in Ward 9.,Water,8,Medium
This is a serious problem. This needs immediate attention. There has been a power cut in Ward 1 for four days.,Electricity,8,High
"This is affecting many families. The drainage cover is missing near Ward 7, which is dangerous.",Drainage,0,Low
Waste is piling up on the street corner in Ward 5 for one day.,Sanitation,2,Medium
This needs immediate attention. The newly laid road near Ward 5 is already cracking.,Road,3,Medium
This is affecting many families. This is a serious problem. There is a huge pothole on the main road in Ward 10.,Road,1,Medium
This is very urgent. We request a new bus stop shelter to be built in Ward 6.,Other,2,Low
There is an irregular water supply schedule in Ward 5 for three days.,Water,5,High
The borewell motor in Ward 5 has stopped working since one day.,Water,8,Medium
The public toilet in Ward 2 is dirty and not maintained.,Sanitation,3,Low
Please act quickly. This needs immediate attention. We need a new community hall in Ward 4.,Other,0,Low
Stray animals are scattering garbage all over Ward 3.,Sanitation,2,Low
The open drain near Ward 1 is overflowing with dirty water.,Drainage,2,Low
There has been a power cut in Ward 10 for a week.,Electricity,2,Low
Mosquitoes are breeding in the stagnant drain water in Ward 5.,Drainage,1,Low
This needs immediate attention. We need a new community hall in Ward 3.,Other,2,Low
Waste is piling up on the street corner in Ward 1 for one day.,Sanitation,1,Low
This is very urgent. The road in Ward 10 has been damaged for two days after the rain.,Road,0,High
This needs immediate attention. The drainage in Ward 6 is blocked and water is stagnating for three days.,Drainage,2,Medium
"Please act quickly. This is very urgent. The drainage cover is missing near Ward 5, which is dangerous.",Drainage,0,Medium
This is a serious problem. This is affecting many families. The electricity meter reading seems incorrect for several days now.,Electricity,3,High
"This is very urgent. Several street lights are off in Ward 6, making it unsafe at night.",Street Light,0,High
Vehicles are getting stuck in mud on the unpaved road in Ward 8.,Road,12,High
Please act quickly. This is very urgent. There is a bad smell from uncollected waste near Ward 5.,Sanitation,8,High
This is very urgent. Garbage has not been collected in Ward 6 for four days.,Sanitation,0,Low
We need a new community hall in Ward 5.,Other,3,Medium
There is a huge pothole on the main road in Ward 4.,Road,3,Low
This is a serious problem. Waste is piling up on the street corner in Ward 6 for one day.,Sanitation,3,Medium
This is very urgent. The electric pole near our house in Ward 4 is leaning dangerously.,Electricity,0,Medium
There is noise pollution from a nearby function in Ward 3.,Other,0,Low
This is affecting many families. The street light near Ward 2 has not been working for a week.,Street Light,0,Medium
Exposed electrical wires are hanging near the road in Ward 2.,Electricity,1,Low
The road near Ward 3 has not been repaired for since yesterday.,Road,0,Low
This is very urgent. Vehicles are getting stuck in mud on the unpaved road in Ward 4.,Road,2,Medium
"This is a serious problem. This is affecting many families. Several street lights are off in Ward 7, making it unsafe at night.",Street Light,1,High
This is a serious problem. The panchayat office in Ward 10 is not open during listed hours.,Other,2,Medium
This is very urgent. The electricity transformer near Ward 1 is making sparking sounds.,Electricity,0,Medium
This is very urgent. No water is coming to our taps for several days.,Water,1,High
The road divider near Ward 5 is broken and unsafe.,Road,0,Low
Drain water has been stagnant in Ward 5 for one day.,Drainage,0,High
Please act quickly. The road in Ward 6 has been damaged for a week after the rain.,Road,1,Low
The drainage in Ward 6 is blocked and water is stagnating for since yesterday.,Drainage,2,Low
This is a serious problem. The street light pole in Ward 1 is damaged and flickering.,Street Light,2,Low
Exposed electrical wires are hanging near the road in Ward 6.,Electricity,3,Low
This is affecting many families. Drain water has been stagnant in Ward 1 for three days.,Drainage,3,Low
This is a serious problem. There is noise pollution from a nearby function in Ward 7.,Other,1,Medium
The electricity meter reading seems incorrect for one day now.,Electricity,1,Medium
The street light near Ward 8 has not been working for several days.,Street Light,2,Low
Please act quickly. The road divider near Ward 3 is broken and unsafe.,Road,3,Medium
The panchayat office in Ward 10 is not open during listed hours.,Other,0,Low
Please act quickly. This is affecting many families. Frequent power fluctuations are damaging appliances in Ward 2.,Electricity,0,Medium
Please act quickly. The drainage in Ward 10 is blocked and water is stagnating for two days.,Drainage,0,Low
The road in Ward 9 has been damaged for three days after the rain.,Road,0,Low
The open drain near Ward 8 is overflowing with dirty water.,Drainage,5,Medium
This is very urgent. No water is coming to our taps for two days.,Water,2,Medium
The water supply pipeline near Ward 10 is leaking badly.,Water,1,Low
This is a serious problem. Please act quickly. The drainage in Ward 1 is blocked and water is stagnating for two days.,Drainage,3,Medium
This is a serious problem. We have had no electricity supply for three days in Ward 9.,Electricity,8,Medium
Rainwater is flooding the street in Ward 4 due to poor drainage.,Drainage,1,Low
This is very urgent. This needs immediate attention. The street light in Ward 3 has been broken since since yesterday.,Street Light,3,High
This is affecting many families. Drain water has been stagnant in Ward 3 for a week.,Drainage,1,Low
It is completely dark near Ward 6 at night due to broken lights.,Street Light,3,Low
The water supply pipeline near Ward 10 is leaking badly.,Water,0,Low
Please act quickly. There is a bad smell from uncollected waste near Ward 2.,Sanitation,5,Medium
"Several street lights are off in Ward 7, making it unsafe at night.",Street Light,0,Low
This is very urgent. Drinking water is contaminated and smells bad in Ward 1.,Water,3,High
The street light in Ward 5 has been broken since five days.,Street Light,12,Medium
Vehicles are getting stuck in mud on the unpaved road in Ward 8.,Road,2,Medium
Garbage has not been collected in Ward 9 for five days.,Sanitation,0,Low
This is affecting many families. The electricity transformer near Ward 2 is making sparking sounds.,Electricity,5,High
This needs immediate attention. New street lights are needed near the bus stop in Ward 2.,Street Light,2,Low
This is affecting many families. We have had no electricity supply for three days in Ward 8.,Electricity,0,Medium
The garbage truck has not come to Ward 9 for three days.,Sanitation,8,Medium
The public toilet in Ward 7 is dirty and not maintained.,Sanitation,5,High
There is a stray dog menace in Ward 9 for three days.,Other,0,Low
This is a serious problem. Sewage is overflowing onto the street in Ward 6.,Sanitation,2,Low
The borewell motor in Ward 5 has stopped working since a week.,Water,2,Medium
Please act quickly. Rainwater is flooding the street in Ward 6 due to poor drainage.,Drainage,1,High
Drain water has been stagnant in Ward 2 for since yesterday.,Drainage,3,Low
Please act quickly. This is affecting many families. There has been a power cut in Ward 10 for a week.,Electricity,2,Medium
This is a serious problem. The newly laid road near Ward 10 is already cracking.,Road,0,Medium
We have had no electricity supply for five days in Ward 3.,Electricity,2,Low
The electricity transformer near Ward 8 is making sparking sounds.,Electricity,1,Low
There is a stray dog menace in Ward 10 for four days.,Other,0,Low
The garbage truck has not come to Ward 3 for two days.,Sanitation,5,Low
"This is a serious problem. There are no speed breakers near the school in Ward 3, causing accidents.",Road,0,Medium
The street light pole in Ward 4 is damaged and flickering.,Street Light,1,Low
"Please act quickly. Several street lights are off in Ward 4, making it unsafe at night.",Street Light,3,Medium
This is a serious problem. We have not received drinking water for four days in Ward 9.,Water,2,High
Rainwater is flooding the street in Ward 3 due to poor drainage.,Drainage,2,Medium
Vehicles are getting stuck in mud on the unpaved road in Ward 4.,Road,12,Medium
This needs immediate attention. The street light in Ward 1 has been broken since since yesterday.,Street Light,1,Medium
We request a new bus stop shelter to be built in Ward 10.,Other,0,Low
This is affecting many families. This is very urgent. There is a huge pothole on the main road in Ward 1.,Road,3,High
We request a new bus stop shelter to be built in Ward 5.,Other,8,Medium
This is a serious problem. The electricity meter reading seems incorrect for three days now.,Electricity,2,High
This needs immediate attention. There is a stray dog menace in Ward 8 for five days.,Other,1,Low
"This is affecting many families. The drainage cover is missing near Ward 4, which is dangerous.",Drainage,8,Medium
Vehicles are getting stuck in mud on the unpaved road in Ward 3.,Road,2,Low
There is an irregular water supply schedule in Ward 9 for since yesterday.,Water,2,Medium
This is affecting many families. This is very urgent. There has been a power cut in Ward 1 for one day.,Electricity,0,High
Please act quickly. This is very urgent. We need a new community hall in Ward 4.,Other,0,Medium
This is a serious problem. This needs immediate attention. The public toilet in Ward 8 is dirty and not maintained.,Sanitation,5,Medium
This is affecting many families. The garbage truck has not come to Ward 10 for four days.,Sanitation,5,Medium
"This is very urgent. Several street lights are off in Ward 7, making it unsafe at night.",Street Light,1,Medium
This is a serious problem. The panchayat office in Ward 4 is not open during listed hours.,Other,1,Low
Please act quickly. There is noise pollution from a nearby function in Ward 5.,Other,0,Low
Please act quickly. This is affecting many families. No water is coming to our taps for two days.,Water,1,High
Garbage has not been collected in Ward 4 for two days.,Sanitation,1,Low
Drain water has been stagnant in Ward 1 for since yesterday.,Drainage,1,Low
Please act quickly. We need a new community hall in Ward 2.,Other,0,Low
This is affecting many families. The road divider near Ward 4 is broken and unsafe.,Road,2,Medium
This is very urgent. The road divider near Ward 10 is broken and unsafe.,Road,2,Low
This needs immediate attention. It is completely dark near Ward 2 at night due to broken lights.,Street Light,0,Medium
The public toilet in Ward 1 is dirty and not maintained.,Sanitation,12,Medium
This is affecting many families. Mosquitoes are breeding in the stagnant drain water in Ward 6.,Drainage,1,High
This needs immediate attention. Please act quickly. The road divider near Ward 8 is broken and unsafe.,Road,2,Medium
We have had no electricity supply for two days in Ward 8.,Electricity,1,Low
We have had no electricity supply for two days in Ward 6.,Electricity,1,Low
This is very urgent. We request a new bus stop shelter to be built in Ward 7.,Other,2,Medium
This is a serious problem. Rainwater is flooding the street in Ward 10 due to poor drainage.,Drainage,2,Medium
"This is very urgent. Several street lights are off in Ward 8, making it unsafe at night.",Street Light,1,Low
This needs immediate attention. Please act quickly. We have had no electricity supply for several days in Ward 6.,Electricity,1,High
Please act quickly. Vehicles are getting stuck in mud on the unpaved road in Ward 4.,Road,8,High
It is completely dark near Ward 7 at night due to broken lights.,Street Light,0,Medium
This is affecting many families. This is very urgent. Sewage is overflowing onto the street in Ward 8.,Sanitation,2,High
This needs immediate attention. New street lights are needed near the bus stop in Ward 2.,Street Light,0,Medium
Mosquitoes are breeding in the stagnant drain water in Ward 10.,Drainage,3,Low
This needs immediate attention. This is a serious problem. It is completely dark near Ward 3 at night due to broken lights.,Street Light,5,High
This is very urgent. No water is coming to our taps for three days.,Water,1,Medium
Please act quickly. This is a serious problem. The open drain near Ward 8 is overflowing with dirty water.,Drainage,8,High
This is very urgent. There is an irregular water supply schedule in Ward 8 for since yesterday.,Water,2,High
This is affecting many families. There is an irregular water supply schedule in Ward 6 for since yesterday.,Water,0,Medium
This is a serious problem. This is affecting many families. We have not received drinking water for four days in Ward 1.,Water,8,High
This needs immediate attention. Please act quickly. There is a stray dog menace in Ward 7 for three days.,Other,0,High
Please act quickly. Garbage has not been collected in Ward 7 for five days.,Sanitation,12,High
The borewell motor in Ward 10 has stopped working since five days.,Water,5,Low
Please act quickly. We have had no electricity supply for one day in Ward 9.,Electricity,8,High
This is a serious problem. This is affecting many families. The electricity transformer near Ward 1 is making sparking sounds.,Electricity,2,Medium
"Several street lights are off in Ward 9, making it unsafe at night.",Street Light,2,Low
This is a serious problem. Please act quickly. The open drain near Ward 2 is overflowing with dirty water.,Drainage,1,High
The electricity transformer near Ward 1 is making sparking sounds.,Electricity,0,Low
This needs immediate attention. The park in Ward 10 has broken equipment and needs repair.,Other,1,Low
This needs immediate attention. Garbage has not been collected in Ward 3 for one day.,Sanitation,0,Medium
Mosquitoes are breeding in the stagnant drain water in Ward 2.,Drainage,1,Low
The garbage truck has not come to Ward 5 for since yesterday.,Sanitation,1,Low
This is a serious problem. This needs immediate attention. There is a bad smell from uncollected waste near Ward 8.,Sanitation,1,Medium
"This is very urgent. There are no speed breakers near the school in Ward 6, causing accidents.",Road,2,Medium
This is affecting many families. Rainwater is flooding the street in Ward 9 due to poor drainage.,Drainage,0,Medium
This needs immediate attention. There is an irregular water supply schedule in Ward 10 for one day.,Water,2,Medium
"This is affecting many families. Please act quickly. The drainage cover is missing near Ward 3, which is dangerous.",Drainage,8,High
This is affecting many families. No water is coming to our taps for five days.,Water,12,High
Please act quickly. This needs immediate attention. We request a new bus stop shelter to be built in Ward 2.,Other,1,Medium
We have had no electricity supply for several days in Ward 2.,Electricity,2,Low
This is a serious problem. The road divider near Ward 1 is broken and unsafe.,Road,1,Medium
Rainwater is flooding the street in Ward 7 due to poor drainage.,Drainage,2,Low
The street light pole in Ward 10 is damaged and flickering.,Street Light,3,Low
Sewage is overflowing onto the street in Ward 7.,Sanitation,0,Low
Mosquitoes are breeding in the stagnant drain water in Ward 4.,Drainage,1,Low
This is a serious problem. This is very urgent. Frequent power fluctuations are damaging appliances in Ward 6.,Electricity,12,High
Please act quickly. This is a serious problem. Sewage is overflowing onto the street in Ward 9.,Sanitation,0,High
The water supply pipeline near Ward 4 is leaking badly.,Water,3,Low
This is a serious problem. Please act quickly. The electric pole near our house in Ward 4 is leaning dangerously.,Electricity,1,High
This needs immediate attention. This is a serious problem. Rainwater is flooding the street in Ward 3 due to poor drainage.,Drainage,3,High
The street light in Ward 5 has been broken since five days.,Street Light,2,Low
Garbage has not been collected in Ward 8 for five days.,Sanitation,3,Low
Please act quickly. Garbage has not been collected in Ward 6 for since yesterday.,Sanitation,2,Low
This is a serious problem. The road in Ward 4 has been damaged for one day after the rain.,Road,2,Low
The panchayat office in Ward 9 is not open during listed hours.,Other,2,Low
"There are no speed breakers near the school in Ward 6, causing accidents.",Road,1,Low
The drainage in Ward 3 is blocked and water is stagnating for two days.,Drainage,1,Low
There is a stray dog menace in Ward 7 for several days.,Other,0,Low
Drain water has been stagnant in Ward 4 for since yesterday.,Drainage,2,Medium
New street lights are needed near the bus stop in Ward 8.,Street Light,0,Low
The open drain near Ward 10 is overflowing with dirty water.,Drainage,1,Low
There has been a power cut in Ward 10 for four days.,Electricity,5,Medium
Frequent power fluctuations are damaging appliances in Ward 4.,Electricity,0,Low
This is affecting many families. The street light near Ward 5 has not been working for a week.,Street Light,1,Low
This is a serious problem. Garbage has not been collected in Ward 7 for four days.,Sanitation,1,Low
This is affecting many families. The electricity meter reading seems incorrect for five days now.,Electricity,1,Low
This is very urgent. There is noise pollution from a nearby function in Ward 4.,Other,1,High
This needs immediate attention. There is an irregular water supply schedule in Ward 6 for one day.,Water,1,Medium
Please act quickly. No water is coming to our taps for since yesterday.,Water,1,Low
This is a serious problem. The park in Ward 6 has broken equipment and needs repair.,Other,2,Low
It is completely dark near Ward 1 at night due to broken lights.,Street Light,2,Low
This is affecting many families. Garbage has not been collected in Ward 2 for three days.,Sanitation,1,Medium
We have had no electricity supply for a week in Ward 1.,Electricity,2,Low
This is very urgent. The water tank in Ward 10 has not been filled for one day.,Water,5,Medium
Rainwater is flooding the street in Ward 3 due to poor drainage.,Drainage,3,Low
Please act quickly. Garbage has not been collected in Ward 2 for five days.,Sanitation,2,Low
Please act quickly. This is a serious problem. The road in Ward 7 has been damaged for since yesterday after the rain.,Road,8,High
"This is a serious problem. Several street lights are off in Ward 9, making it unsafe at night.",Street Light,0,Medium
The street light in Ward 2 has been broken since one day.,Street Light,0,Low
The borewell motor in Ward 2 has stopped working since three days.,Water,3,Medium
Please act quickly. The panchayat office in Ward 4 is not open during listed hours.,Other,1,Medium
The newly laid road near Ward 4 is already cracking.,Road,0,Low
"This is affecting many families. Several street lights are off in Ward 10, making it unsafe at night.",Street Light,0,Low
This is affecting many families. This is a serious problem. Vehicles are getting stuck in mud on the unpaved road in Ward 7.,Road,5,Medium
Please act quickly. Drain water has been stagnant in Ward 1 for two days.,Drainage,0,Medium
This is very urgent. The park in Ward 2 has broken equipment and needs repair.,Other,0,Medium
Please act quickly. This needs immediate attention. There is an irregular water supply schedule in Ward 1 for several days.,Water,0,Medium
There is noise pollution from a nearby function in Ward 3.,Other,0,Low
This is affecting many families. There is a huge pothole on the main road in Ward 5.,Road,2,Medium
The borewell motor in Ward 5 has stopped working since three days.,Water,1,Low
This needs immediate attention. Garbage has not been collected in Ward 1 for four days.,Sanitation,3,Medium
This is affecting many families. This is very urgent. There is an irregular water supply schedule in Ward 9 for two days.,Water,0,High
Mosquitoes are breeding in the stagnant drain water in Ward 1.,Drainage,0,Low
"This is affecting many families. The drainage cover is missing near Ward 6, which is dangerous.",Drainage,2,High
Please act quickly. The water supply pipeline near Ward 7 is leaking badly.,Water,1,High
The road near Ward 9 has not been repaired for a week.,Road,0,Low
The public toilet in Ward 3 is dirty and not maintained.,Sanitation,3,Low
Please act quickly. There is noise pollution from a nearby function in Ward 9.,Other,12,Medium
The road in Ward 6 has been damaged for three days after the rain.,Road,1,Low
We have had no electricity supply for five days in Ward 9.,Electricity,1,Medium
Garbage has not been collected in Ward 1 for several days.,Sanitation,0,Low
This is a serious problem. This is affecting many families. There is a huge pothole on the main road in Ward 4.,Road,3,High
The road in Ward 8 has been damaged for several days after the rain.,Road,0,Low
This is affecting many families. Please act quickly. Waste is piling up on the street corner in Ward 1 for a week.,Sanitation,3,High
Rainwater is flooding the street in Ward 7 due to poor drainage.,Drainage,1,Low
Exposed electrical wires are hanging near the road in Ward 3.,Electricity,1,Low
This needs immediate attention. Garbage has not been collected in Ward 9 for since yesterday.,Sanitation,2,Medium
This is a serious problem. Waste is piling up on the street corner in Ward 7 for five days.,Sanitation,1,Low
The newly laid road near Ward 5 is already cracking.,Road,1,Low
This is very urgent. Mosquitoes are breeding in the stagnant drain water in Ward 2.,Drainage,1,Medium
"Several street lights are off in Ward 4, making it unsafe at night.",Street Light,1,Low
The drainage in Ward 2 is blocked and water is stagnating for two days.,Drainage,0,Medium
Drinking water is contaminated and smells bad in Ward 7.,Water,2,Low
The drainage in Ward 1 is blocked and water is stagnating for three days.,Drainage,5,Low
This is affecting many families. This is very urgent. The newly laid road near Ward 5 is already cracking.,Road,1,Medium
"Please act quickly. There are no speed breakers near the school in Ward 9, causing accidents.",Road,0,Medium
The park in Ward 9 has broken equipment and needs repair.,Other,1,Low
The drainage in Ward 2 is blocked and water is stagnating for five days.,Drainage,0,Low
Stray animals are scattering garbage all over Ward 10.,Sanitation,0,Low
This is very urgent. There has been a power cut in Ward 9 for a week.,Electricity,3,Medium
New street lights are needed near the bus stop in Ward 5.,Street Light,1,Low
This is very urgent. Rainwater is flooding the street in Ward 8 due to poor drainage.,Drainage,2,High
Rainwater is flooding the street in Ward 8 due to poor drainage.,Drainage,1,Low
The borewell motor in Ward 9 has stopped working since five days.,Water,0,Low
This is a serious problem. This is very urgent. The open drain near Ward 2 is overflowing with dirty water.,Drainage,1,High
This is a serious problem. The road near Ward 2 has not been repaired for several days.,Road,0,Medium
This is very urgent. The street light in Ward 9 has been broken since five days.,Street Light,3,Low
There is an irregular water supply schedule in Ward 6 for one day.,Water,1,Low
This is a serious problem. The street light pole in Ward 1 is damaged and flickering.,Street Light,1,Medium
We have not received drinking water for several days in Ward 7.,Water,5,Low
The water tank in Ward 7 has not been filled for one day.,Water,0,Low
"Several street lights are off in Ward 7, making it unsafe at night.",Street Light,5,Medium
This is very urgent. This is affecting many families. The street light near Ward 1 has not been working for a week.,Street Light,0,High
The electric pole near our house in Ward 10 is leaning dangerously.,Electricity,3,Low
This is very urgent. The electricity meter reading seems incorrect for since yesterday now.,Electricity,0,High
Please act quickly. This is a serious problem. The road in Ward 7 has been damaged for one day after the rain.,Road,3,High
This is very urgent. There is a stray dog menace in Ward 9 for four days.,Other,8,High
This is a serious problem. Drain water has been stagnant in Ward 2 for three days.,Drainage,3,Medium
The water tank in Ward 8 has not been filled for three days.,Water,1,Low
This needs immediate attention. No water is coming to our taps for a week.,Water,5,High
Rainwater is flooding the street in Ward 5 due to poor drainage.,Drainage,1,Medium
This is a serious problem. Stray animals are scattering garbage all over Ward 8.,Sanitation,2,Low
"This needs immediate attention. The drainage cover is missing near Ward 9, which is dangerous.",Drainage,0,Low
This is a serious problem. The water supply pipeline near Ward 10 is leaking badly.,Water,0,Medium
The electricity meter reading seems incorrect for five days now.,Electricity,0,Low
The newly laid road near Ward 10 is already cracking.,Road,12,Low
This needs immediate attention. Drain water has been stagnant in Ward 5 for since yesterday.,Drainage,2,Medium
Please act quickly. This is a serious problem. There is a huge pothole on the main road in Ward 4.,Road,2,High
Sewage is overflowing onto the street in Ward 5.,Sanitation,5,Medium
This is affecting many families. The panchayat office in Ward 8 is not open during listed hours.,Other,5,Medium
This is very urgent. The road in Ward 3 has been damaged for since yesterday after the rain.,Road,3,High
This is very urgent. Please act quickly. The street light pole in Ward 3 is damaged and flickering.,Street Light,2,Medium
The street light pole in Ward 1 is damaged and flickering.,Street Light,3,Low
This is affecting many families. This is a serious problem. No water is coming to our taps for one day.,Water,0,Medium
This needs immediate attention. The water supply pipeline near Ward 8 is leaking badly.,Water,3,High
There has been a power cut in Ward 3 for since yesterday.,Electricity,0,Low
"Please act quickly. There are no speed breakers near the school in Ward 10, causing accidents.",Road,2,Low
This is very urgent. The panchayat office in Ward 2 is not open during listed hours.,Other,0,Low
We have had no electricity supply for two days in Ward 3.,Electricity,1,Medium
This is very urgent. The street light in Ward 6 has been broken since four days.,Street Light,1,Low
This is affecting many families. The electric pole near our house in Ward 3 is leaning dangerously.,Electricity,0,Medium
The newly laid road near Ward 9 is already cracking.,Road,2,Low
This needs immediate attention. The park in Ward 7 has broken equipment and needs repair.,Other,1,Medium
The street light in Ward 6 has been broken since several days.,Street Light,1,Low
The road near Ward 10 has not been repaired for two days.,Road,5,Medium
Please act quickly. The public toilet in Ward 2 is dirty and not maintained.,Sanitation,2,Medium
This needs immediate attention. Waste is piling up on the street corner in Ward 10 for one day.,Sanitation,3,Low
Please act quickly. The drainage in Ward 8 is blocked and water is stagnating for two days.,Drainage,0,Medium
No water is coming to our taps for several days.,Water,0,Medium
It is completely dark near Ward 7 at night due to broken lights.,Street Light,1,Low
The panchayat office in Ward 5 is not open during listed hours.,Other,2,Low
Please act quickly. This is a serious problem. There has been a power cut in Ward 5 for three days.,Electricity,5,Medium
This is a serious problem. Exposed electrical wires are hanging near the road in Ward 5.,Electricity,3,Low
This is affecting many families. Drinking water is contaminated and smells bad in Ward 9.,Water,5,High
The road divider near Ward 3 is broken and unsafe.,Road,0,Medium
This is affecting many families. This needs immediate attention. There is an irregular water supply schedule in Ward 6 for a week.,Water,8,High
It is completely dark near Ward 9 at night due to broken lights.,Street Light,0,Low
This is affecting many families. The drainage in Ward 2 is blocked and water is stagnating for several days.,Drainage,1,Low
This is very urgent. New street lights are needed near the bus stop in Ward 3.,Street Light,3,Low
Please act quickly. This is very urgent. The electricity meter reading seems incorrect for since yesterday now.,Electricity,5,High
This is very urgent. Please act quickly. There is a stray dog menace in Ward 4 for two days.,Other,0,Low
This is very urgent. The road divider near Ward 3 is broken and unsafe.,Road,1,Medium
The street light in Ward 7 has been broken since five days.,Street Light,1,Low
The open drain near Ward 4 is overflowing with dirty water.,Drainage,1,Low
This is a serious problem. Please act quickly. The street light in Ward 7 has been broken since since yesterday.,Street Light,2,Medium
Please act quickly. Frequent power fluctuations are damaging appliances in Ward 10.,Electricity,1,Medium
The electric pole near our house in Ward 1 is leaning dangerously.,Electricity,2,Medium
This is a serious problem. The drainage in Ward 3 is blocked and water is stagnating for four days.,Drainage,2,High
"There are no speed breakers near the school in Ward 7, causing accidents.",Road,3,Low
"There are no speed breakers near the school in Ward 2, causing accidents.",Road,1,Low
This is affecting many families. The borewell motor in Ward 8 has stopped working since since yesterday.,Water,2,Medium
This needs immediate attention. There is a bad smell from uncollected waste near Ward 2.,Sanitation,5,Medium
The water supply pipeline near Ward 5 is leaking badly.,Water,2,Medium
This is very urgent. Garbage has not been collected in Ward 7 for one day.,Sanitation,3,High
Please act quickly. This needs immediate attention. The water supply pipeline near Ward 5 is leaking badly.,Water,1,High
"There are no speed breakers near the school in Ward 1, causing accidents.",Road,0,Low
Please act quickly. New street lights are needed near the bus stop in Ward 7.,Street Light,2,Low
The electricity transformer near Ward 1 is making sparking sounds.,Electricity,0,Low
This is a serious problem. Please act quickly. The garbage truck has not come to Ward 8 for since yesterday.,Sanitation,12,High
This needs immediate attention. The newly laid road near Ward 6 is already cracking.,Road,1,Low
The water supply pipeline near Ward 4 is leaking badly.,Water,5,Medium
This is affecting many families. The road in Ward 4 has been damaged for since yesterday after the rain.,Road,0,Low
The park in Ward 3 has broken equipment and needs repair.,Other,2,Low
This is affecting many families. The water supply pipeline near Ward 8 is leaking badly.,Water,8,Medium
This needs immediate attention. There has been a power cut in Ward 6 for since yesterday.,Electricity,0,Medium
This is a serious problem. Sewage is overflowing onto the street in Ward 4.,Sanitation,0,Low
There is a stray dog menace in Ward 1 for a week.,Other,0,Medium
The electricity meter reading seems incorrect for five days now.,Electricity,1,Low
This is affecting many families. The road in Ward 8 has been damaged for two days after the rain.,Road,2,High
This is a serious problem. The borewell motor in Ward 5 has stopped working since several days.,Water,2,Medium
Frequent power fluctuations are damaging appliances in Ward 4.,Electricity,1,Low
"This is very urgent. There are no speed breakers near the school in Ward 5, causing accidents.",Road,1,Low
This is very urgent. The water tank in Ward 4 has not been filled for one day.,Water,1,Medium
This is affecting many families. This is very urgent. New street lights are needed near the bus stop in Ward 2.,Street Light,0,Medium
This is a serious problem. The electricity meter reading seems incorrect for a week now.,Electricity,1,Low
This is very urgent. We have not received drinking water for four days in Ward 2.,Water,3,High
The public toilet in Ward 4 is dirty and not maintained.,Sanitation,1,Low
Drinking water is contaminated and smells bad in Ward 2.,Water,8,High
This is very urgent. This is a serious problem. The water tank in Ward 8 has not been filled for three days.,Water,2,High
Please act quickly. This is a serious problem. The street light pole in Ward 7 is damaged and flickering.,Street Light,0,High
Please act quickly. The newly laid road near Ward 6 is already cracking.,Road,0,Low
Please act quickly. The park in Ward 7 has broken equipment and needs repair.,Other,0,Low
This is a serious problem. This is very urgent. Drinking water is contaminated and smells bad in Ward 7.,Water,2,High
The water tank in Ward 6 has not been filled for five days.,Water,1,Low
Please act quickly. The panchayat office in Ward 7 is not open during listed hours.,Other,5,Medium
There is a huge pothole on the main road in Ward 4.,Road,0,Low
There is a bad smell from uncollected waste near Ward 9.,Sanitation,0,Low
This needs immediate attention. Please act quickly. Vehicles are getting stuck in mud on the unpaved road in Ward 9.,Road,1,Medium
This is affecting many families. This is a serious problem. No water is coming to our taps for two days.,Water,1,High
Sewage is overflowing onto the street in Ward 3.,Sanitation,8,Low
This is affecting many families. Drinking water is contaminated and smells bad in Ward 3.,Water,2,High
New street lights are needed near the bus stop in Ward 3.,Street Light,2,Low
The panchayat office in Ward 4 is not open during listed hours.,Other,1,Low
The electricity transformer near Ward 7 is making sparking sounds.,Electricity,2,Low
This is very urgent. We need a new community hall in Ward 2.,Other,0,Low
Mosquitoes are breeding in the stagnant drain water in Ward 10.,Drainage,0,Medium
This is a serious problem. The electricity meter reading seems incorrect for a week now.,Electricity,3,Medium
The water supply pipeline near Ward 8 is leaking badly.,Water,2,Medium
The borewell motor in Ward 10 has stopped working since five days.,Water,0,Low
This needs immediate attention. This is affecting many families. We need a new community hall in Ward 4.,Other,0,Medium
This needs immediate attention. We need a new community hall in Ward 5.,Other,12,Medium
This is very urgent. Mosquitoes are breeding in the stagnant drain water in Ward 2.,Drainage,2,Low
Rainwater is flooding the street in Ward 4 due to poor drainage.,Drainage,0,Low
This is affecting many families. The street light near Ward 4 has not been working for three days.,Street Light,1,Medium
Vehicles are getting stuck in mud on the unpaved road in Ward 9.,Road,0,Medium
There is noise pollution from a nearby function in Ward 8.,Other,2,Medium
This is very urgent. The street light near Ward 6 has not been working for one day.,Street Light,3,Medium
Please act quickly. Drain water has been stagnant in Ward 3 for since yesterday.,Drainage,0,Medium
This is affecting many families. Please act quickly. Rainwater is flooding the street in Ward 2 due to poor drainage.,Drainage,0,Medium
This is a serious problem. This is affecting many families. The panchayat office in Ward 6 is not open during listed hours.,Other,0,Medium
Garbage has not been collected in Ward 3 for two days.,Sanitation,0,Low
There is an irregular water supply schedule in Ward 3 for since yesterday.,Water,0,Medium
This is affecting many families. We request a new bus stop shelter to be built in Ward 10.,Other,0,Medium
This needs immediate attention. Please act quickly. The water tank in Ward 8 has not been filled for four days.,Water,2,High
This is very urgent. There has been a power cut in Ward 5 for two days.,Electricity,1,Low
"There are no speed breakers near the school in Ward 5, causing accidents.",Road,0,Low
This is affecting many families. Frequent power fluctuations are damaging appliances in Ward 1.,Electricity,2,Medium
There is an irregular water supply schedule in Ward 7 for several days.,Water,2,Medium
"Please act quickly. Several street lights are off in Ward 6, making it unsafe at night.",Street Light,2,Medium
This is a serious problem. Please act quickly. There is noise pollution from a nearby function in Ward 1.,Other,1,Medium
The electric pole near our house in Ward 8 is leaning dangerously.,Electricity,1,Low
Please act quickly. There is a stray dog menace in Ward 6 for five days.,Other,1,Medium
This is affecting many families. This needs immediate attention. There has been a power cut in Ward 6 for several days.,Electricity,3,High
This is very urgent. This is a serious problem. We need a new community hall in Ward 7.,Other,3,Medium
This is a serious problem. Drinking water is contaminated and smells bad in Ward 7.,Water,8,High
This is very urgent. The open drain near Ward 3 is overflowing with dirty water.,Drainage,2,Medium
Please act quickly. There is a huge pothole on the main road in Ward 3.,Road,1,Medium
This is a serious problem. This is affecting many families. There is noise pollution from a nearby function in Ward 5.,Other,0,Low
Please act quickly. This is a serious problem. The road near Ward 6 has not been repaired for five days.,Road,5,High
This is affecting many families. This is a serious problem. It is completely dark near Ward 3 at night due to broken lights.,Street Light,0,Medium
"This is a serious problem. This needs immediate attention. The drainage cover is missing near Ward 6, which is dangerous.",Drainage,2,High
The electricity transformer near Ward 4 is making sparking sounds.,Electricity,8,Medium
"The drainage cover is missing near Ward 2, which is dangerous.",Drainage,2,Medium
Stray animals are scattering garbage all over Ward 6.,Sanitation,1,Low
New street lights are needed near the bus stop in Ward 5.,Street Light,12,Low
This needs immediate attention. This is a serious problem. The water tank in Ward 2 has not been filled for since yesterday.,Water,0,Medium
Please act quickly. New street lights are needed near the bus stop in Ward 4.,Street Light,1,Medium
This is a serious problem. This is very urgent. New street lights are needed near the bus stop in Ward 3.,Street Light,3,High
The borewell motor in Ward 5 has stopped working since three days.,Water,12,Medium
There has been a power cut in Ward 1 for two days.,Electricity,8,High
The electric pole near our house in Ward 10 is leaning dangerously.,Electricity,2,Low
We have had no electricity supply for one day in Ward 8.,Electricity,2,Low
The street light pole in Ward 10 is damaged and flickering.,Street Light,2,Low
Please act quickly. The electric pole near our house in Ward 10 is leaning dangerously.,Electricity,3,High
We need a new community hall in Ward 2.,Other,0,Low
This is very urgent. The water supply pipeline near Ward 7 is leaking badly.,Water,0,Medium
The public toilet in Ward 5 is dirty and not maintained.,Sanitation,1,Low
The newly laid road near Ward 5 is already cracking.,Road,1,Low
This is affecting many families. Please act quickly. Frequent power fluctuations are damaging appliances in Ward 3.,Electricity,5,High
We need a new community hall in Ward 7.,Other,8,Low
This is very urgent. Please act quickly. The street light in Ward 7 has been broken since three days.,Street Light,1,High
This is a serious problem. We need a new community hall in Ward 6.,Other,8,High
This is very urgent. Drain water has been stagnant in Ward 7 for three days.,Drainage,5,Medium
The newly laid road near Ward 7 is already cracking.,Road,1,Low
This is a serious problem. Frequent power fluctuations are damaging appliances in Ward 5.,Electricity,1,Medium
Waste is piling up on the street corner in Ward 10 for a week.,Sanitation,1,Low
Waste is piling up on the street corner in Ward 2 for three days.,Sanitation,1,Low
This is a serious problem. Drain water has been stagnant in Ward 5 for four days.,Drainage,3,Medium
This needs immediate attention. The road near Ward 4 has not been repaired for one day.,Road,0,Low
This needs immediate attention. Drinking water is contaminated and smells bad in Ward 2.,Water,2,High
This is a serious problem. Garbage has not been collected in Ward 1 for a week.,Sanitation,2,Medium
The garbage truck has not come to Ward 8 for three days.,Sanitation,0,Low
There is a huge pothole on the main road in Ward 1.,Road,0,Low
Exposed electrical wires are hanging near the road in Ward 9.,Electricity,1,Low
This is very urgent. The drainage in Ward 4 is blocked and water is stagnating for two days.,Drainage,12,High
It is completely dark near Ward 10 at night due to broken lights.,Street Light,1,Low
Rainwater is flooding the street in Ward 7 due to poor drainage.,Drainage,1,Low
This needs immediate attention. There is noise pollution from a nearby function in Ward 2.,Other,0,Low
"This is very urgent. The drainage cover is missing near Ward 9, which is dangerous.",Drainage,0,Medium
The street light pole in Ward 10 is damaged and flickering.,Street Light,2,Low
We have had no electricity supply for two days in Ward 7.,Electricity,0,Low
Frequent power fluctuations are damaging appliances in Ward 1.,Electricity,12,High
This is a serious problem. The road divider near Ward 3 is broken and unsafe.,Road,0,Low
Drain water has been stagnant in Ward 6 for three days.,Drainage,0,Low
Drain water has been stagnant in Ward 4 for since yesterday.,Drainage,0,Low
This needs immediate attention. The street light pole in Ward 2 is damaged and flickering.,Street Light,1,Low
This is affecting many families. The road divider near Ward 7 is broken and unsafe.,Road,2,Low
This is a serious problem. This needs immediate attention. The electricity transformer near Ward 8 is making sparking sounds.,Electricity,2,Medium
This is a serious problem. We have had no electricity supply for one day in Ward 9.,Electricity,2,Medium
The electricity transformer near Ward 9 is making sparking sounds.,Electricity,1,Medium
New street lights are needed near the bus stop in Ward 2.,Street Light,1,Low
This is a serious problem. There has been a power cut in Ward 1 for a week.,Electricity,0,Low
This is affecting many families. Exposed electrical wires are hanging near the road in Ward 9.,Electricity,1,Medium
The street light in Ward 2 has been broken since one day.,Street Light,2,Low
This is affecting many families. The borewell motor in Ward 3 has stopped working since one day.,Water,0,Medium
Stray animals are scattering garbage all over Ward 9.,Sanitation,2,Low
This needs immediate attention. Exposed electrical wires are hanging near the road in Ward 7.,Electricity,0,High
This is affecting many families. The water supply pipeline near Ward 8 is leaking badly.,Water,2,High
This is very urgent. The borewell motor in Ward 6 has stopped working since two days.,Water,1,Medium
The panchayat office in Ward 2 is not open during listed hours.,Other,2,Low
This needs immediate attention. The water supply pipeline near Ward 9 is leaking badly.,Water,1,Medium
"This is a serious problem. This is affecting many families. There are no speed breakers near the school in Ward 2, causing accidents.",Road,2,High
This is a serious problem. Please act quickly. Garbage has not been collected in Ward 9 for a week.,Sanitation,2,Medium
The road near Ward 10 has not been repaired for three days.,Road,2,Low
This is very urgent. It is completely dark near Ward 5 at night due to broken lights.,Street Light,0,Low
This is affecting many families. There is a huge pothole on the main road in Ward 9.,Road,2,Low
The open drain near Ward 7 is overflowing with dirty water.,Drainage,1,Low
This is a serious problem. Garbage has not been collected in Ward 5 for one day.,Sanitation,0,Medium
This is very urgent. Sewage is overflowing onto the street in Ward 10.,Sanitation,1,Medium
The road in Ward 5 has been damaged for two days after the rain.,Road,2,Low
This is affecting many families. The drainage in Ward 1 is blocked and water is stagnating for two days.,Drainage,1,Medium
This is very urgent. This is a serious problem. The water supply pipeline near Ward 1 is leaking badly.,Water,12,High
The street light pole in Ward 3 is damaged and flickering.,Street Light,1,Low
Mosquitoes are breeding in the stagnant drain water in Ward 2.,Drainage,2,Low
This needs immediate attention. This is affecting many families. There is a huge pothole on the main road in Ward 3.,Road,3,High
The drainage in Ward 5 is blocked and water is stagnating for a week.,Drainage,5,Medium
This is a serious problem. The electricity transformer near Ward 5 is making sparking sounds.,Electricity,2,Low
Please act quickly. The road in Ward 2 has been damaged for two days after the rain.,Road,1,Medium
This is very urgent. There has been a power cut in Ward 10 for four days.,Electricity,0,Medium
This needs immediate attention. We have not received drinking water for two days in Ward 1.,Water,2,Medium
This is a serious problem. The street light near Ward 9 has not been working for four days.,Street Light,0,Medium
The borewell motor in Ward 2 has stopped working since since yesterday.,Water,1,Medium
This is very urgent. We have not received drinking water for five days in Ward 3.,Water,3,High
Please act quickly. Frequent power fluctuations are damaging appliances in Ward 8.,Electricity,0,High
"This needs immediate attention. There are no speed breakers near the school in Ward 7, causing accidents.",Road,1,Medium
Stray animals are scattering garbage all over Ward 1.,Sanitation,1,Low
The electricity transformer near Ward 10 is making sparking sounds.,Electricity,5,Medium
The panchayat office in Ward 1 is not open during listed hours.,Other,1,Low
"This is a serious problem. There are no speed breakers near the school in Ward 10, causing accidents.",Road,5,Low
This is a serious problem. This is affecting many families. The borewell motor in Ward 10 has stopped working since two days.,Water,5,High
Exposed electrical wires are hanging near the road in Ward 5.,Electricity,1,Low
This is affecting many families. There has been a power cut in Ward 4 for four days.,Electricity,5,High
This is very urgent. We need a new community hall in Ward 2.,Other,2,Low
This needs immediate attention. The electric pole near our house in Ward 8 is leaning dangerously.,Electricity,1,Low
It is completely dark near Ward 8 at night due to broken lights.,Street Light,0,Low
There has been a power cut in Ward 3 for several days.,Electricity,0,Low
This is very urgent. Stray animals are scattering garbage all over Ward 8.,Sanitation,0,Medium
Please act quickly. Sewage is overflowing onto the street in Ward 10.,Sanitation,1,Medium
The street light pole in Ward 10 is damaged and flickering.,Street Light,2,Low
This is very urgent. Rainwater is flooding the street in Ward 10 due to poor drainage.,Drainage,0,Medium
This is affecting many families. The park in Ward 8 has broken equipment and needs repair.,Other,1,Low
Please act quickly. It is completely dark near Ward 4 at night due to broken lights.,Street Light,1,Low
The road in Ward 7 has been damaged for one day after the rain.,Road,3,Medium
This is very urgent. This is a serious problem. There is a huge pothole on the main road in Ward 5.,Road,0,High
This is very urgent. Drain water has been stagnant in Ward 9 for one day.,Drainage,1,Medium
This is affecting many families. Please act quickly. The road divider near Ward 8 is broken and unsafe.,Road,0,Medium
The open drain near Ward 7 is overflowing with dirty water.,Drainage,1,Medium
Exposed electrical wires are hanging near the road in Ward 5.,Electricity,1,Low
This is very urgent. This is affecting many families. There has been a power cut in Ward 1 for two days.,Electricity,8,High
The street light in Ward 2 has been broken since five days.,Street Light,5,Medium
Rainwater is flooding the street in Ward 7 due to poor drainage.,Drainage,2,Low
This is affecting many families. The open drain near Ward 10 is overflowing with dirty water.,Drainage,5,Medium
New street lights are needed near the bus stop in Ward 2.,Street Light,3,Low
Drain water has been stagnant in Ward 10 for four days.,Drainage,2,Low
This is affecting many families. We have not received drinking water for five days in Ward 1.,Water,8,High
Mosquitoes are breeding in the stagnant drain water in Ward 7.,Drainage,1,Low
Please act quickly. This is very urgent. We request a new bus stop shelter to be built in Ward 6.,Other,1,Low
We have had no electricity supply for four days in Ward 5.,Electricity,0,Low
This is a serious problem. This is very urgent. Stray animals are scattering garbage all over Ward 8.,Sanitation,1,Medium
"This is a serious problem. Please act quickly. Several street lights are off in Ward 10, making it unsafe at night.",Street Light,1,High
This needs immediate attention. There is a stray dog menace in Ward 1 for a week.,Other,8,Medium
Please act quickly. This needs immediate attention. Exposed electrical wires are hanging near the road in Ward 7.,Electricity,2,High
The road near Ward 9 has not been repaired for two days.,Road,3,Medium
This is affecting many families. There is an irregular water supply schedule in Ward 8 for three days.,Water,3,Medium
The street light in Ward 7 has been broken since two days.,Street Light,0,Low
There is a stray dog menace in Ward 1 for five days.,Other,2,Low
This is a serious problem. This is very urgent. Stray animals are scattering garbage all over Ward 8.,Sanitation,2,High
There is a stray dog menace in Ward 10 for five days.,Other,0,Low
This is affecting many families. The street light near Ward 2 has not been working for several days.,Street Light,2,Low
The road divider near Ward 6 is broken and unsafe.,Road,2,Low
This is a serious problem. This is very urgent. We need a new community hall in Ward 1.,Other,0,Low
This is affecting many families. There is noise pollution from a nearby function in Ward 5.,Other,0,Medium
This is affecting many families. This needs immediate attention. There is an irregular water supply schedule in Ward 9 for five days.,Water,2,Medium
This is a serious problem. This is very urgent. The newly laid road near Ward 4 is already cracking.,Road,0,Low
"Several street lights are off in Ward 2, making it unsafe at night.",Street Light,3,Low
Please act quickly. This is a serious problem. There is a stray dog menace in Ward 3 for a week.,Other,5,Low
This is affecting many families. The road near Ward 9 has not been repaired for one day.,Road,0,High
This is a serious problem. Garbage has not been collected in Ward 1 for a week.,Sanitation,3,Medium
This is very urgent. Rainwater is flooding the street in Ward 5 due to poor drainage.,Drainage,1,Medium
This is very urgent. This is affecting many families. The road in Ward 4 has been damaged for since yesterday after the rain.,Road,5,High
This is affecting many families. No water is coming to our taps for one day.,Water,3,Medium
This is very urgent. Please act quickly. We request a new bus stop shelter to be built in Ward 3.,Other,2,Medium
This is affecting many families. Vehicles are getting stuck in mud on the unpaved road in Ward 10.,Road,1,Low
The borewell motor in Ward 10 has stopped working since since yesterday.,Water,2,Medium
This needs immediate attention. We have had no electricity supply for a week in Ward 8.,Electricity,1,High
This is a serious problem. This needs immediate attention. There has been a power cut in Ward 2 for one day.,Electricity,0,High
We have not received drinking water for since yesterday in Ward 10.,Water,3,Medium
The water tank in Ward 1 has not been filled for several days.,Water,5,Medium
The open drain near Ward 10 is overflowing with dirty water.,Drainage,1,Medium
This is very urgent. We have not received drinking water for three days in Ward 5.,Water,1,High
There is a huge pothole on the main road in Ward 9.,Road,2,Low
This needs immediate attention. Rainwater is flooding the street in Ward 5 due to poor drainage.,Drainage,3,Medium
This needs immediate attention. The road divider near Ward 4 is broken and unsafe.,Road,1,Medium
There is a stray dog menace in Ward 8 for four days.,Other,2,Low
This is affecting many families. Drinking water is contaminated and smells bad in Ward 1.,Water,0,Low
"This is a serious problem. There are no speed breakers near the school in Ward 2, causing accidents.",Road,1,Medium
Vehicles are getting stuck in mud on the unpaved road in Ward 9.,Road,5,Low
There is a bad smell from uncollected waste near Ward 1.,Sanitation,1,Low
The road near Ward 6 has not been repaired for one day.,Road,0,Low
The street light in Ward 1 has been broken since since yesterday.,Street Light,1,Low
This is affecting many families. The street light in Ward 2 has been broken since two days.,Street Light,1,Medium
This needs immediate attention. The water tank in Ward 7 has not been filled for two days.,Water,5,High
"This is very urgent. There are no speed breakers near the school in Ward 6, causing accidents.",Road,0,Low
This is affecting many families. This is very urgent. The road near Ward 4 has not been repaired for two days.,Road,3,High
The panchayat office in Ward 10 is not open during listed hours.,Other,5,Low
Rainwater is flooding the street in Ward 5 due to poor drainage.,Drainage,2,High
This is a serious problem. The water tank in Ward 4 has not been filled for a week.,Water,3,Medium
This is affecting many families. Please act quickly. New street lights are needed near the bus stop in Ward 9.,Street Light,2,High
This is affecting many families. This is very urgent. Rainwater is flooding the street in Ward 8 due to poor drainage.,Drainage,2,High
This needs immediate attention. This is very urgent. We need a new community hall in Ward 6.,Other,12,High
Please act quickly. The street light near Ward 3 has not been working for since yesterday.,Street Light,2,Medium
This is a serious problem. There is a huge pothole on the main road in Ward 8.,Road,3,High
This needs immediate attention. We have had no electricity supply for one day in Ward 10.,Electricity,1,High
This needs immediate attention. Rainwater is flooding the street in Ward 1 due to poor drainage.,Drainage,2,Low
The open drain near Ward 6 is overflowing with dirty water.,Drainage,1,Medium
This needs immediate attention. Please act quickly. Mosquitoes are breeding in the stagnant drain water in Ward 2.,Drainage,2,Medium
It is completely dark near Ward 7 at night due to broken lights.,Street Light,0,Low
This needs immediate attention. Garbage has not been collected in Ward 8 for three days.,Sanitation,1,Medium
This needs immediate attention. This is a serious problem. The open drain near Ward 8 is overflowing with dirty water.,Drainage,5,High
This needs immediate attention. The water supply pipeline near Ward 5 is leaking badly.,Water,2,High
There is noise pollution from a nearby function in Ward 7.,Other,2,Medium
This is very urgent. Drain water has been stagnant in Ward 6 for since yesterday.,Drainage,1,Medium
This is a serious problem. The public toilet in Ward 3 is dirty and not maintained.,Sanitation,12,High
There is noise pollution from a nearby function in Ward 5.,Other,0,Low
This is affecting many families. There is noise pollution from a nearby function in Ward 7.,Other,8,Medium
We request a new bus stop shelter to be built in Ward 2.,Other,0,Low
This needs immediate attention. The public toilet in Ward 6 is dirty and not maintained.,Sanitation,0,Medium
There is an irregular water supply schedule in Ward 4 for one day.,Water,0,Low
This needs immediate attention. The electricity meter reading seems incorrect for since yesterday now.,Electricity,3,Medium
The street light pole in Ward 3 is damaged and flickering.,Street Light,0,Low
This is a serious problem. The water supply pipeline near Ward 9 is leaking badly.,Water,5,High
The electricity transformer near Ward 10 is making sparking sounds.,Electricity,12,Medium
This is affecting many families. There is an irregular water supply schedule in Ward 8 for one day.,Water,2,Low
This needs immediate attention. The street light pole in Ward 5 is damaged and flickering.,Street Light,2,Medium
This needs immediate attention. This is a serious problem. Rainwater is flooding the street in Ward 7 due to poor drainage.,Drainage,0,High
The garbage truck has not come to Ward 2 for since yesterday.,Sanitation,1,Low
Please act quickly. We need a new community hall in Ward 2.,Other,0,Medium
The park in Ward 4 has broken equipment and needs repair.,Other,3,Low
This is affecting many families. Rainwater is flooding the street in Ward 5 due to poor drainage.,Drainage,1,Medium
This is very urgent. This needs immediate attention. The panchayat office in Ward 5 is not open during listed hours.,Other,12,High
This is a serious problem. There is a bad smell from uncollected waste near Ward 4.,Sanitation,2,Medium
There is an irregular water supply schedule in Ward 3 for since yesterday.,Water,0,Low
The public toilet in Ward 8 is dirty and not maintained.,Sanitation,12,Low
Please act quickly. Drinking water is contaminated and smells bad in Ward 2.,Water,0,Low
Please act quickly. The electricity meter reading seems incorrect for a week now.,Electricity,2,Medium
There is a huge pothole on the main road in Ward 7.,Road,2,Low
Please act quickly. Exposed electrical wires are hanging near the road in Ward 9.,Electricity,0,Medium
Please act quickly. There is a bad smell from uncollected waste near Ward 5.,Sanitation,8,Medium
Please act quickly. Vehicles are getting stuck in mud on the unpaved road in Ward 7.,Road,1,Low
"The drainage cover is missing near Ward 6, which is dangerous.",Drainage,1,Low
This is very urgent. There is noise pollution from a nearby function in Ward 4.,Other,0,Low
The drainage in Ward 9 is blocked and water is stagnating for one day.,Drainage,1,Low
This needs immediate attention. The road near Ward 9 has not been repaired for several days.,Road,0,Low
Please act quickly. The panchayat office in Ward 1 is not open during listed hours.,Other,3,Medium
This is very urgent. This is affecting many families. The road in Ward 5 has been damaged for one day after the rain.,Road,2,High
"This needs immediate attention. The drainage cover is missing near Ward 8, which is dangerous.",Drainage,1,Medium
"This is affecting many families. The drainage cover is missing near Ward 4, which is dangerous.",Drainage,5,Medium
The drainage in Ward 2 is blocked and water is stagnating for four days.,Drainage,0,Low
There is a bad smell from uncollected waste near Ward 8.,Sanitation,5,Medium
There has been a power cut in Ward 1 for two days.,Electricity,1,Low
Frequent power fluctuations are damaging appliances in Ward 7.,Electricity,1,Low
This is affecting many families. Rainwater is flooding the street in Ward 2 due to poor drainage.,Drainage,2,High
This is very urgent. We have not received drinking water for several days in Ward 1.,Water,2,Medium
This needs immediate attention. New street lights are needed near the bus stop in Ward 5.,Street Light,1,Low
The electricity transformer near Ward 10 is making sparking sounds.,Electricity,1,Low
The road in Ward 3 has been damaged for five days after the rain.,Road,0,Low
This is very urgent. There is a bad smell from uncollected waste near Ward 6.,Sanitation,3,Medium
The park in Ward 2 has broken equipment and needs repair.,Other,1,Low
This is affecting many families. This is very urgent. We have had no electricity supply for a week in Ward 10.,Electricity,0,Medium
Vehicles are getting stuck in mud on the unpaved road in Ward 3.,Road,0,Low
The open drain near Ward 5 is overflowing with dirty water.,Drainage,2,Low
This is very urgent. The garbage truck has not come to Ward 2 for three days.,Sanitation,0,High
Please act quickly. We need a new community hall in Ward 6.,Other,1,Low
The electricity meter reading seems incorrect for a week now.,Electricity,5,Low
There is an irregular water supply schedule in Ward 10 for four days.,Water,0,Low
This needs immediate attention. The open drain near Ward 3 is overflowing with dirty water.,Drainage,2,High
Frequent power fluctuations are damaging appliances in Ward 5.,Electricity,2,Low
No water is coming to our taps for a week.,Water,0,Medium
The borewell motor in Ward 8 has stopped working since a week.,Water,0,Low
"Several street lights are off in Ward 10, making it unsafe at night.",Street Light,0,Low
There is a stray dog menace in Ward 1 for one day.,Other,0,Low
The electricity meter reading seems incorrect for three days now.,Electricity,0,Low
The public toilet in Ward 7 is dirty and not maintained.,Sanitation,0,Low
The water tank in Ward 3 has not been filled for four days.,Water,0,Low
Please act quickly. Drain water has been stagnant in Ward 7 for since yesterday.,Drainage,0,Medium
There is an irregular water supply schedule in Ward 4 for four days.,Water,1,Low
There is noise pollution from a nearby function in Ward 7.,Other,0,Low
The park in Ward 2 has broken equipment and needs repair.,Other,12,Low
The road divider near Ward 1 is broken and unsafe.,Road,2,Low
This is a serious problem. The electricity meter reading seems incorrect for one day now.,Electricity,1,Medium
Sewage is overflowing onto the street in Ward 2.,Sanitation,5,Low
This is affecting many families. This needs immediate attention. There is a huge pothole on the main road in Ward 6.,Road,5,High
This needs immediate attention. The drainage in Ward 8 is blocked and water is stagnating for a week.,Drainage,2,Medium
Please act quickly. The park in Ward 9 has broken equipment and needs repair.,Other,1,Medium
It is completely dark near Ward 7 at night due to broken lights.,Street Light,0,Low
The open drain near Ward 3 is overflowing with dirty water.,Drainage,2,Medium
This is a serious problem. The electric pole near our house in Ward 10 is leaning dangerously.,Electricity,0,Low
The water tank in Ward 1 has not been filled for since yesterday.,Water,8,Medium
This is a serious problem. Waste is piling up on the street corner in Ward 4 for since yesterday.,Sanitation,0,Medium
This needs immediate attention. Rainwater is flooding the street in Ward 3 due to poor drainage.,Drainage,2,Low
The drainage in Ward 10 is blocked and water is stagnating for one day.,Drainage,1,Low
This is a serious problem. Please act quickly. No water is coming to our taps for five days.,Water,0,High
This is affecting many families. Please act quickly. Sewage is overflowing onto the street in Ward 1.,Sanitation,12,High
We have had no electricity supply for several days in Ward 2.,Electricity,2,Medium
"Several street lights are off in Ward 7, making it unsafe at night.",Street Light,0,Low
Rainwater is flooding the street in Ward 5 due to poor drainage.,Drainage,12,High
There has been a power cut in Ward 2 for two days.,Electricity,0,Low
Sewage is overflowing onto the street in Ward 8.,Sanitation,0,Low
Please act quickly. Stray animals are scattering garbage all over Ward 4.,Sanitation,1,Medium
The park in Ward 9 has broken equipment and needs repair.,Other,2,Low
Please act quickly. The drainage in Ward 7 is blocked and water is stagnating for several days.,Drainage,1,Medium
Stray animals are scattering garbage all over Ward 5.,Sanitation,0,Low
This is affecting many families. Exposed electrical wires are hanging near the road in Ward 1.,Electricity,2,Medium
The street light near Ward 1 has not been working for several days.,Street Light,1,Low
This is a serious problem. Exposed electrical wires are hanging near the road in Ward 2.,Electricity,12,High
The panchayat office in Ward 8 is not open during listed hours.,Other,0,Low
This is affecting many families. Please act quickly. The electricity meter reading seems incorrect for five days now.,Electricity,0,High
The park in Ward 3 has broken equipment and needs repair.,Other,1,Low
The panchayat office in Ward 4 is not open during listed hours.,Other,0,Medium
This is affecting many families. Rainwater is flooding the street in Ward 7 due to poor drainage.,Drainage,8,Medium
This is affecting many families. The electricity transformer near Ward 6 is making sparking sounds.,Electricity,2,Medium
Please act quickly. Mosquitoes are breeding in the stagnant drain water in Ward 6.,Drainage,5,High
This is affecting many families. The drainage in Ward 9 is blocked and water is stagnating for a week.,Drainage,3,Low
"Please act quickly. The drainage cover is missing near Ward 7, which is dangerous.",Drainage,0,Low
This is very urgent. Please act quickly. The garbage truck has not come to Ward 6 for three days.,Sanitation,0,High
This is affecting many families. Exposed electrical wires are hanging near the road in Ward 6.,Electricity,2,Low
This is very urgent. The street light in Ward 3 has been broken since a week.,Street Light,3,Low
We have had no electricity supply for five days in Ward 6.,Electricity,3,Medium
New street lights are needed near the bus stop in Ward 3.,Street Light,8,Medium
This is affecting many families. Exposed electrical wires are hanging near the road in Ward 3.,Electricity,3,Medium
The newly laid road near Ward 5 is already cracking.,Road,1,Low
Please act quickly. There is an irregular water supply schedule in Ward 6 for two days.,Water,0,High
Stray animals are scattering garbage all over Ward 1.,Sanitation,8,High
The public toilet in Ward 4 is dirty and not maintained.,Sanitation,1,High
Please act quickly. The drainage in Ward 4 is blocked and water is stagnating for two days.,Drainage,2,High
The street light pole in Ward 1 is damaged and flickering.,Street Light,1,Low
Vehicles are getting stuck in mud on the unpaved road in Ward 9.,Road,0,Low
Frequent power fluctuations are damaging appliances in Ward 4.,Electricity,2,Medium
There is a bad smell from uncollected waste near Ward 3.,Sanitation,0,Low
This needs immediate attention. The drainage in Ward 1 is blocked and water is stagnating for since yesterday.,Drainage,3,Medium
The park in Ward 10 has broken equipment and needs repair.,Other,2,Low
There is noise pollution from a nearby function in Ward 2.,Other,0,Low
No water is coming to our taps for two days.,Water,0,Low
This is a serious problem. This is very urgent. Stray animals are scattering garbage all over Ward 6.,Sanitation,1,Low
This needs immediate attention. There is a huge pothole on the main road in Ward 6.,Road,8,Medium
Please act quickly. The road in Ward 3 has been damaged for three days after the rain.,Road,0,Low
This is affecting many families. Drain water has been stagnant in Ward 1 for several days.,Drainage,1,Medium
We request a new bus stop shelter to be built in Ward 2.,Other,0,Low
There is a bad smell from uncollected waste near Ward 6.,Sanitation,2,Low
Garbage has not been collected in Ward 9 for two days.,Sanitation,2,Low
Please act quickly. The street light near Ward 7 has not been working for one day.,Street Light,1,Medium
This is a serious problem. The road in Ward 3 has been damaged for a week after the rain.,Road,2,Medium
Please act quickly. The electricity transformer near Ward 8 is making sparking sounds.,Electricity,0,High
