relative_path,label,split,sha256
train/Plain/a 47.jpg,Plain,train,09d3d05e4f7c413b196974ae20c407e81805a5bb44eb12d4800472d0dddd68aa
train/Plain/a 259.jpg,Plain,train,b2a0b9eff761027b314be9e2bc0a901da9c5c49a4c11fa3f0fae4eebeaa748ca
train/Plain/a 28.jpg,Plain,train,6333c1d4372c64c4ceab8e64475a4d46ef3b0ee42040cf00501dc39ae21d72e9
train/Plain/a 146.jpg,Plain,train,893c34eb85619eddfa66c10edffd178cf9433a458fd3ecae4c17034085081dbb
train/Plain/a 216.jpg,Plain,train,360bfa8efa4c27b12f9f45559621f9fe8fe6dc9d38788581926306491d3a3ecf
train/Plain/a 338.jpg,Plain,train,b8bbd280880d81d16c2ff2cfb2412d3555e7e3e80465037333e59557869fa700
train/Plain/a 277.jpg,Plain,train,10324ec60c19659b38afe670f9691f812d0871f46d37b70330bc996ce3dd5679
train/Plain/a 158.jpg,Plain,train,bdde2709bfb7c63fba1f6f8b2788aedce7897b90b8d4c15b76f1e261466ec89f
train/Plain/a 252.jpg,Plain,train,6b36ce405d5a911e5659efc71aea10cb42f5f89deb4dcd54f295ba3d49a62fba
train/Plain/a 121.jpg,Plain,train,1a63badc1103597bb9d1bd70d3e9c852e439746cd09c95d2f497dfd40a57ec6a
train/Plain/a 319.jpg,Plain,train,680e89fbab29c555d5cb8b43292c038d87a0e8d1ae469a278cabfed8c3f72da5
train/Plain/a 322.jpg,Plain,train,ebee4adf68d98a7d803e79ac9a0bf6a69c83929d31945a30b38f009b608bb05a
train/Plain/a 183.jpg,Plain,train,011d71dce4e0ca98ffef24343248bc1baacb2468f73fc26ce5bd17a8ba0f1c11
train/Plain/a 69.jpg,Plain,train,994385c57ff367da23684bb702da3bb2dade80ee9d26010282c92aa6e2699035
test/Plain/3.jpg,Plain,train,0e56e250f0d7782fd0b8e69fe76c5523319c277af4c417a785597abb8823c030
train/Plain/a 78.jpg,Plain,train,cbbd332a62c2a26dbfc48d4ea59940e94c3eb0d12f03f540132805801af01842
train/Plain/a 331.jpg,Plain,train,d5acf1e118b5d1a6a5d37bc583e35ecec95e3510d0e842cf77d5ce0efbb38428
train/Plain/a 65.jpg,Plain,train,0fcd3055a5e4a18b75b688aa8159cb776658160d983eb316e9b073e7e2813a7e
train/Plain/a 70.jpg,Plain,train,6ead99ca0726d7658919b8a471266d667bbda929fa815966dea62f09f5858638
train/Plain/a 132.jpg,Plain,train,1297cc5ea8f6efb90f41b955d12fa7e3dee68dc8159033d8cbf910292c6ff6f6
train/Plain/a 18.jpg,Plain,train,7fedba0f6650fcc5aba6545a874966774fb5b4aa568f8e83aa57f7acb3bda8d4
train/Plain/a 323.jpg,Plain,train,fc74db1b532bd5595875bb88eca184cdccb4eded6b5b6f08e2d46a4b058aad0c
train/Plain/a 208.jpg,Plain,train,15cb0a15e2201afac31e3750c31667528e7a7316011b199a240e40cf25c30d36
train/Plain/a 120.jpg,Plain,train,600a6ed0d269d16cab6cfd6c7ef5d244b6b68645fb54fba3bc88f5aec614b71d
train/Plain/a 115.jpg,Plain,train,72c88a2d00649640ba60945507ff3589f9098b2161cccd426c8d810647d4735a
train/Plain/a 251.jpg,Plain,train,85b655658cba6f68731026e2a7d3b0ce32ba8d9941e0c53dce595293885e4d7e
train/Plain/a 241.jpg,Plain,train,95a198727fa225c648e8c7fca614137fbdb0da96c5adcd35fc9f29873c844f9c
train/Plain/a 262.jpg,Plain,train,5144895f124abff6f0061c0073c9359c3b2c168726d00e19a1b8536ed8b3f2be
train/Plain/a 288.jpg,Plain,train,eb194d9e4b50e2e2c7bc0d640235099ac3f032b6087f595b62cdca77b5bafb55
train/Plain/a 58.jpg,Plain,train,be592e653554a8c9d3558a57f9a9f087e86a10d71ef9dfc4d4bbdd1be88a632f
test/Plain/2.jpg,Plain,train,73f3bc9cd96189c532635a136ab94fe6ba89535139d72f45890569fefbbf16a7
train/Plain/a 73.jpg,Plain,train,f35f19061ed2e45170eadb343eeb8820ce15e2522c622d9a12bb8859c8278d76
train/Plain/a 24.jpg,Plain,train,883c11dcbcac52106159470c9d9da43d2e52361f57f75049e4e6fe0d9c8aacbf
train/Plain/a 163.jpg,Plain,train,40aba637a2a86be17de89199f14543bb4d3ac6f1e3abd4cf1ad366b62593b889
train/Plain/a 141.jpg,Plain,train,5dd9d2b5f8b4b6ab3945a0210bb54f0b594903386cd96a0f18efe2e8cf945cef
train/Plain/a 260.jpg,Plain,train,bbdb68ebaf15bfc7c86238550eeb6776152c93720c2a51552fb1f552b124425d
train/Plain/a 282.jpg,Plain,train,9f46edbb2257e38280dc7b06604dfb849318951171543f07c076b7d70d577a93
train/Plain/a 299.jpg,Plain,train,33e3dad732f28dfabf95d7eb9dd641f810494df17fb350b9320619ab760bf264
train/Plain/a 129.jpg,Plain,train,8233c8beedef8c0d3bb8d9b23c4e1e3ada8a4b68c079b8bc9c104ab1698f9996
train/Plain/a 131.jpg,Plain,train,406d06769000a1641ae67ea43414ebbbea21c7426745351dcd41abfb7482d8e1
train/Plain/a 89.jpg,Plain,train,e7ccded8eb4934b38cc211480f0f3e0393cc155344340557ded4211b3c282e69
train/Plain/a 179.jpg,Plain,train,ee4b0a55d2fcf9c1b904a033ac67943a18394dd75f948700f850520635dfc3be
train/Plain/a 284.jpg,Plain,train,ab5a8fb383310abb273a47628adee737577215058f2bb908246a51dd307eb4b7
train/Plain/a 165.jpg,Plain,train,4e973fe371a43284d95fed739eb789c682e076e8308874845a4595e0ea87792a
train/Plain/a 168.jpg,Plain,train,a17c9f2846f607616440b3a7a4f213743e3f25e238195b985243bca8d9f9c837
train/Plain/a 25.jpg,Plain,train,a1472ca5e4dcf14003d1752353dd8d5f8163ca7555495d781cfdaac9681999dc
train/Plain/a 23.jpg,Plain,train,20d30a9a45cdcd18869dfe6aae08fb39d65879e19be3a6c4947f649aa63227dc
train/Plain/a 237.jpg,Plain,train,c72afd0ace37a1b32a1bb844a034b24d149debc798e1c518f9ff062d22769641
train/Plain/a 170.jpg,Plain,train,078fb64bbdd2f7a6bfd04da3a67a40e8e2135d22246a281cc6e4d0d8cfc47d25
train/Plain/a 14.jpg,Plain,train,915f9de42aac1211b983b5c246e4a6089b9dccefaf99835b734b01764a120536
train/Plain/a 98.jpg,Plain,train,479125dc10a3ed3ee1b18eaefaf4f831633035e507cbf7648198c7551049d506
train/Plain/a 29.jpg,Plain,train,118dba67968ebd164546fe9eb4e33ec908b26c8ac846c7e97543e323cee6adb1
train/Plain/a 318.jpg,Plain,train,f97ce94ffb47f0fd89733860221e09d441237e43c805eedcab0de98d05f2a18c
train/Plain/a 285.jpg,Plain,train,3e5f33c82551e5af3057b98f438295c0556d884016bd85ba83a75abb2f8b2a36
train/Plain/a 313.jpg,Plain,train,050ac4d3ed972f4c4fe499617a2e3503180231262524efa8107994febd099745
train/Plain/a 42.jpg,Plain,train,75535a93c9756e1df290a8c0fcf906101cb8b34b02eaf8db90502251442b9a79
train/Plain/a 204.jpg,Plain,train,f94239a440dd1ad78d2dccd12db0da0f73a16da316b2e97049cc56ac5eb9371b
train/Plain/a 230.jpg,Plain,train,457fd8dc5dfdc22160c2f87e1f47be53e4e5e0b1665e9d7be65a550b5a3f0cfc
train/Plain/a 256.jpg,Plain,train,a082cdabe4c45bd422f488ad773db37d14e187784de94bc511693b943add9b30
train/Plain/a 185.jpg,Plain,train,6048e7bafc00e3164a90dd4eadb44bffd38c0591012e12bfe64d767f3dc52c0a
train/Plain/a 107.jpg,Plain,train,94bb633195709443b1f778140b76f10c5dd140d0bedad3b2aa5d54be01222b73
train/Plain/a 79.jpg,Plain,train,25f5bdf5da31404bfb1f3bd20ffb47e50178c9f0eb6c16db027d8f6b4118f8b0
train/Plain/a 192.jpg,Plain,train,15764aa084155b16784f3312c13305d9dd737f7a96268a2d26e4f982eedd9b12
train/Plain/a 180.jpg,Plain,train,ae98e5c284586eedf28cd1555fdf00305fa9cdf62f782768f61b82f3dad3cbaf
train/Plain/a 206.jpg,Plain,train,20ca4f55918105e7697ced51b82697358c4d545b717f4f8ea19615bf44bb1071
train/Plain/a 247.jpg,Plain,train,6a788edfdf456e931a3c36bb9747ffc1930e07c12355d7b4e7f93245196c7964
train/Plain/a 239.jpg,Plain,train,5b5a5132d453e0c5940c0a56aa1df48c969c600471c8722d42f888300f0cc3c7
train/Plain/a 276.jpg,Plain,train,68de37593fd806be3d38b6ae583ce34db2bd0532385dfd15f415bab9c995e120
train/Plain/a 244.jpg,Plain,train,b2de173c7bace60cc4d87663190495de7fe858e2ca68bea936be88fd573dd171
train/Plain/a 33.jpg,Plain,train,6373143a2b194c7021e4dc27b8d2ca6fd3dc8bb933c1445bd27b727225816312
train/Plain/a 108.jpg,Plain,train,4a28323ce2bcec95a1d953253f610e240c62ff37a05eb6eb1b5b524715d146c3
train/Plain/a 218.jpg,Plain,train,850f024215b76deb9b598a7296788e082f2a5f20aa683b7870e28203c278546b
train/Plain/a 84.jpg,Plain,train,a6d2f2637ff4655296a23b8690349708b33fe32e66fb60087efff360a94001aa
train/Plain/a 77.jpg,Plain,train,f6fcca993d9bb35d7c03e30d99dabe8e41257a60d8fde2c6134531265bae62b2
train/Plain/a 294.jpg,Plain,train,c46d3768a2abd653ff8d1c903e3a3e2a561b214b75522294a78d2bac61e61c0f
train/Plain/a 161.jpg,Plain,train,7b805dd76b4bf04222f7c272e149c8654abe313001d43ca66b7f8db4b5675170
train/Plain/a 219.jpg,Plain,train,6ee71539515d1d62935df92ba4c561572a51ca408ddc1ea130bc3bc6d2c05b79
train/Plain/a 306.jpg,Plain,train,5bd90cc0c76d79d13d5f59934f71b4eda4263a11d13396fd8269a96b760d57d3
train/Plain/a 178.jpg,Plain,train,d49ea4433fcdea92027b2d15c347624e06c2af5778436778da18284f94eae98d
train/Plain/a 188.jpg,Plain,train,c0934900935b553d63917b530605b08d401004f6b722caa2a4e716f50b7398ca
train/Plain/a 209.jpg,Plain,train,4414cb7fbaddf10d3bcaec7f7933db594199aa625342a828e20ec90127ac2f29
train/Plain/a 305.jpg,Plain,train,ff8645c89e15ede6df56ca925ca998a9c3842c72e0b837b25c3cfa1fb1e575bb
train/Plain/a 327.jpg,Plain,train,3cf03c51c21a40ccc7abdf36c62f406af93ba0bbfbb8e12108f68af66e478064
train/Plain/a 68.jpg,Plain,train,ae29ffcf2710aefac0fec2322d920c46e67325599297e3a64f6040aab1190213
train/Plain/a 223.jpg,Plain,train,9ffaea4ad9225f7b2c3c78b54d1b67b61714213fe42ea3f3659a3d664a4f28ef
train/Plain/a 281.jpg,Plain,train,cae41f0321a4ecb19960d48d90ade1b0d45830075347b235a8cd5fdc61d7eae1
train/Plain/a 279.jpg,Plain,train,a8768bbff4549f6a3ea4d1088a9cc4e00a381abc8a2ae27782cc76d684244b31
train/Plain/a 41.jpg,Plain,train,621c19a131f6ccc5f459fe37717c0f97f9298ae38d4bb16b2ce518b1a8d555d8
train/Plain/a 274.jpg,Plain,train,0fbb5f8a3634b5c2ceaf50267e5c503d39d174c6c40989247e80c484786e3c31
train/Plain/a 88.jpg,Plain,train,4e9241923f284c08ce4da4f710106332b7eba9526b0f3e8576e07720c49573d4
train/Plain/a 137.jpg,Plain,train,674e6033d0b0212b07cd33e3b2aea795fd2de96c17cb6e5d65bbc08cdac4768d
train/Plain/a 87.jpg,Plain,train,a0db5e79a9b6a87eaad3747d7449f6d0d5d35475cba38e9221c81590c43d99d6
train/Plain/a 104.jpg,Plain,train,65436ecffea11392cc5166b170437d1dd4e5bca193ecd086d9b9d34a18ebe595
train/Plain/a 193.jpg,Plain,train,effe72b802abff136927b48bfcfd5602cf1faab2a47b408fcd8043ea5b12c86a
train/Plain/a 254.jpg,Plain,train,a1e84838f18eb752f24d3f370144a12b8ae61f76814ddc656cd3b281aef1a723
train/Plain/a 37.jpg,Plain,train,6c894dadbed1498eac37f7a1974e5a10b91dbf0bedc2e0782cc4dc145e6cce7f
train/Plain/a 333.jpg,Plain,train,a9440a9c50540421e584d36258d1c4cbc8193e42cda8bcbe16db190f9d39edc8
train/Plain/a 103.jpg,Plain,train,4332385c536f619dafc597f88239a4e2a03395e097c4ce24e8b97a1a3b4f72c2
train/Plain/a 182.jpg,Plain,train,7596214586e7b5ee1f7334a4feddb2bd06d7ad9c415d44f2a71d152656b01d71
train/Plain/a 151.jpg,Plain,train,693e8cbce78d4ce6dec063537d0b3e81ba195f794cf9b441b11281a21f78d096
train/Plain/a 234.jpg,Plain,train,bb0fdf64e971f76be4477ce77868c819b957db80121b6040f2ed9daeda2464dd
train/Plain/a 59.jpg,Plain,train,5f946d0a51a33ac1dc71719896d0b70a9542e66643d9af495d57f0e59d4b707d
train/Plain/a 43.jpg,Plain,train,453e73d0b1a644ca4f648e6581cfa3a0a82dcceb848e089939491dc2bd63eaa7
train/Plain/a 148.jpg,Plain,train,31b9eba1b34f4ab2b1378821035e5d99bf4c8798582ee5766bf68d25d647b52b
train/Plain/a 212.jpg,Plain,train,a6a3c8d40a1ca9aa202d994bec1e1a544d0a6f73556b327310d7ac3814eb1ac6
train/Plain/a 194.jpg,Plain,train,b60df78ec539ee384822977bbe02e9966a0cf7c6768396d028c3ef27ac563762
train/Plain/a 303.jpg,Plain,train,cf56105ccba6d0349383230024eac0091b9d07b72b09fe76a6ccaa6195b72e30
train/Plain/a 12.jpg,Plain,train,4bfad3b3de834a4c579c2c1725d5700a445dbbc452d7277cf16bc60a6d0ba302
train/Plain/a 71.jpg,Plain,train,243c2a69dcdfc4886464d4c4fd5582aab68eb24c07589d53302ffcfd06d10b94
train/Plain/a 191.jpg,Plain,train,2c093983ae791ebe2674753f7b60f0396ea274bee4e42da47aa558935bf93e28
train/Plain/a 20.jpg,Plain,train,66efa96862d116fcf805095ed584009a7c8df27f1509f501cdd18a51ea2deb62
train/Plain/a 189.jpg,Plain,train,6f33f5bd15f20bb24702ee390ff564f6d348c41b23c6c181ecfe2f506875058a
train/Plain/a 126.jpg,Plain,train,0165d16bc5397ce38652bc2af9bc0950201c4ea994026094d679a6cc133d6159
train/Plain/a 152.jpg,Plain,train,e4658105e8c977bf4a9ca7dc29dd9e79e556b1b127942727911045d6e8a6db52
train/Plain/a 6.jpg,Plain,train,7a9f129df5722f6a7d4213d2b11387f571f615223aa16982cb70af45b7dd574a
train/Plain/a 164.jpg,Plain,train,4b736574397ecd8c29700476ce5b9891f2c406dcf666c95167a7e5c5ec820afc
train/Plain/a 228.jpg,Plain,train,86bdaff514e68c08907455bbc8fd646687190a3bd20a333f8a433b6f23d67822
train/Plain/a 250.jpg,Plain,train,edfb472831726b876fecd84cf2ad20cffac6eef1aaf747a95e51ca9369e2bd45
train/Plain/a 311.jpg,Plain,train,e947897dfedc240a6b800d415d48fec30a437c3abef2b0ec6fce6bdebb851669
train/Plain/a 160.jpg,Plain,train,8b9a49a8e6d360983e21701c17d9f6d43479da9d1b105e63fa5e28bf47d33233
train/Plain/a 267.jpg,Plain,train,f1a88021e53ccbaec670a6b478c69fb7c7b6e59465c0f259a33d28e2b36e8c5e
train/Plain/a 154.jpg,Plain,train,41757d92955c5d2a838fd5072f28f61d683a33944d77e4b49d36fbece053938b
train/Plain/a 175.jpg,Plain,train,df6dbbb105bfc756ae8636f814efee2a080c11212c2770949ec3fd1aaff115bd
train/Plain/a 308.jpg,Plain,train,77aa4530fc58648e1fdda67fc1b812d1ce2836f5435f4d24943fe5270624adc9
train/Plain/a 289.jpg,Plain,train,8492fe7b2adffea554e71c666bc81e77e53eb3bdd36fe71b3ca3b4b1a38ddbce
train/Plain/a 157.jpg,Plain,train,2a22cf3630d3bc6dfbb6c63788299b346687a2c8fb55bcaa2552f959286fd33c
train/Plain/a 106.jpg,Plain,train,c317813b93a73881cf9550607ffafe8426f059cbc92ba9719ac33445a4f7860c
train/Plain/a 174.jpg,Plain,train,ccdefcedf0c3508ac963b815ff04f5a8025818cc5c83b0e8faa1d455eadafc59
train/Plain/a 105.jpg,Plain,train,8baae7a939a77bdbfd3b2c733936ed445d95b7f731cca5913638c749db8064c8
train/Plain/a 45.jpg,Plain,train,76062588071175a8a47de3cc0484810a7848eb99b2e210ef4b5dc06cae475e4c
train/Plain/a 292.jpg,Plain,train,76e2ac39ea519230a780f2587af40fd7a2959c2dd54d3c034fb464c98ddaa66a
train/Plain/a 94.jpg,Plain,train,9d3fb47dace1cc1eac1e8e1e18ac56684987a2c5b0b5e5e5f75130b91e2c6921
train/Plain/a 114.jpg,Plain,train,dfdfda4fb5920ebd5f0a5841dc38b98f8c4c2eb339ab50b8c75104e07d905730
train/Plain/a 1.jpg,Plain,train,a08ea97d64363f3b835082f379ecb0e7caa4efaa034f6ecd478d6135555649aa
train/Plain/a 325.jpg,Plain,train,0c55244d015e4ef36eef0b6a4bd17bafb65a03c499618a1c4064d3776b24a6ec
train/Plain/a 150.jpg,Plain,train,1959f2213794525c92024a14b24ef63a44115e978644d5d785c26060939f7f14
train/Plain/a 102.jpg,Plain,train,3308430361bbb431a3373dfcbbd5ebb51dfdf498ca56a49b919147e0132ee4ca
train/Plain/a 176.jpg,Plain,train,69869406f9c9d292af3a8f0c0681cab4844a074cfc8b257bf11f29694f80c495
train/Plain/a 295.jpg,Plain,train,65b4984e390aae019d0ca8be943f24ef73e06b1d5ee9bbbb2385b50a243a56ab
test/Plain/7.jpg,Plain,train,1fe63c8fc96fdfff3ffaa4da1e070c69bb1dfb1b1f494aa27add9c946c7d8950
train/Plain/a 32.jpg,Plain,train,8f4a469b1f21531b80ecd5e86e7cdd84a3ee141a95bc1be6377fe6169f15bf51
train/Plain/a 125.jpg,Plain,train,6bd1202704974e549791843d6f7e2399ba18ce33b93e6f6dfa295e855a6dbd43
train/Plain/a 201.jpg,Plain,train,a6bbe93c5e5ea767ba674be9d344c7be5c032e100058321b808e1732dca2c7aa
train/Plain/a 217.jpg,Plain,train,1756170ecb97eb62f192006b7e1ef5a45e8c4d88b87bac31ceb85e678b5bbf07
train/Plain/a 339.jpg,Plain,train,b5a12cd56f1d9233aed9c18bb1ed340f4440da8331943006dcc029fbb306ed6f
train/Plain/a 26.jpg,Plain,train,27a3678544d283591c40f6a6af19d541aa460bb9da40b066d0300f94076f3264
train/Plain/a 36.jpg,Plain,train,a86f4e8d272d0d1b8940f19162d9a6009ec2a0967c59431e0d3d6eff1261717b
train/Plain/a 74.jpg,Plain,train,e28183ecbb64d4911194ac145a8b8cebd5bcb84ba1bd14b10c596d65b86cf865
train/Plain/a 5.jpg,Plain,train,3eb4805b6cb129d481960f45a93fd46a1390be269b28597897cbbc673bbd666b
train/Plain/a 258.jpg,Plain,train,7d504a85ef6888668bef8cbfdfa5f790d73cbfa2e27352d97a0e5b5cfe7a0cd2
train/Plain/a 147.jpg,Plain,train,91d1a3378a45a1301a1f3cdb19d8ed19ec62f0ed18cc3cec1d9944dc98eed265
train/Plain/a 302.jpg,Plain,train,85148e8e160e1061cfdcf199ceb1fb9c3c4dc09bbac8c903c4a9efa0980b41fe
train/Plain/a 97.jpg,Plain,train,fca33b775125400f98cedb4fa2dcc92754f304ad2a46bcfbc7388b1589476386
train/Plain/a 315.jpg,Plain,train,ab97fdc023b1eed1b2950045646a875adb505cbe5ba5fb992c4d91f411adf70e
train/Plain/a 136.jpg,Plain,train,9d6f8790c62d9789ee7a15fcc244ee51bdee4c2f882f9094518e1d2b1ca52102
test/Plain/5.jpg,Plain,train,effae8f63bf73e76b1f1eeb472acc0d9f20f4d66f1ae536a3c2cf7524299872d
train/Plain/a 207.jpg,Plain,train,5fdab3871c62455139e8345a825549ce879defe013093e96541516fc462b9b57
train/Plain/a 240.jpg,Plain,train,fecfa92eb5bb42196904a1da8c0db2cd60de802e9ec23efd9f5929283efed16e
train/Plain/a 127.jpg,Plain,train,b3fd60a12107232f7a80c593e87bde25faacb2235f1a2ad143c8537aea57dc9c
train/Plain/a 40.jpg,Plain,train,6bf0c11a423e4a0b43ba3d2590660c33bd3cfd50b336667827a239af91307848
train/Plain/a 113.jpg,Plain,train,b6fa83343652eb5a29d312132286ead8902b9262c85571f3ee563413480ecf61
train/Plain/a 21.jpg,Plain,train,781adb8a3053206e321d9854fbbb5f79c0aca6d2b27714ba0f04feb5f948c179
train/Plain/a 117.jpg,Plain,train,e9c852213315affc0a35bd2f2fea52c2998347bb39a3527638241f056b44378d
train/Plain/a 116.jpg,Plain,train,381b76a7bc3b28e3bfda486b218d6dd0da861d87a8a8519e59881f2b119c5ef7
train/Plain/a 229.jpg,Plain,train,c802e56056d35b656a3789f4a754d43f35c75dc8fa7dde01b4d02275d6b40e65
train/Plain/a 249.jpg,Plain,train,47aeec4a306c3e1acaddf98848145cda845ff87142ebe077553a9959ee12f4f8
train/Plain/a 110.jpg,Plain,train,f248ae82ef1b9cbacf94d6db2872bec7d343b65fb42f5836ee090df138366652
train/Plain/a 153.jpg,Plain,train,fbbd0dbc9e92cb7a18c4b268e0732168d3bca13f82342efeb3f764c82aab437d
train/Plain/a 169.jpg,Plain,train,24101b7a7a2bc1db236190af1d8d4785bd1770b96f0c636a956b87a34ff80926
train/Plain/a 64.jpg,Plain,train,0c23c73f6c2046db2222343492c655334b13a7b7ab284599a3b08c2eadcf6562
train/Plain/a 278.jpg,Plain,train,e00b1cdef154510858a475e281cc1323dfdd7235b371458d547b932e9203eac9
train/Plain/a 101.jpg,Plain,train,3c2a07e55f56b73bf1cf431dc17ab9a6d2630ad9bea92e269fcdcc729318079a
train/Plain/a 38.jpg,Plain,train,9436ca61d58cc165580ec2e9b3193d78eef2c5221259c4b32224e4b7db99cab6
train/Plain/a 172.jpg,Plain,train,7ab1ab7378a5fb929776c6a1a39f14a485800c61b59fbab33b06b2dc3977905a
train/Plain/a 236.jpg,Plain,train,3fb712bcc69267a7774f8dd684f2dd7e1c976553ce75641fde8050508771feb7
train/Plain/a 35.jpg,Plain,train,d14ef65e6176a91bfd3b0100ae7f4d44378b1bd098e39ace155d2e4e9b2cdd58
train/Plain/a 290.jpg,Plain,train,e39cbffb7181dbbc172ecc423c36ce8c8faa36197609bb45b5f44b0366fbe15c
train/Plain/a 34.jpg,Plain,train,5166bb4a48ccc2857771059cc23dc0bcb624f9f4527dae9f670ef8af18dc8d7d
train/Plain/a 135.jpg,Plain,train,e062523ec899d2ba5209923795c7082dd9599d6377a069293a6b63203f8e52a6
train/Plain/a 184.jpg,Plain,train,ed1a43dab47063f5defc0fd57f7d8f0065b91c6984f9cb45207504511532a0c2
train/Plain/a 300.jpg,Plain,train,b6cd26dec19452df0e5c2e78bb22f96ab3a4d1a4e14e9b15fc547aa05ef8210b
train/Plain/a 143.jpg,Plain,train,f7912902f9829709964066e50888e55a1fbad1fcfa4d04e72e6d4818cd851ee8
train/Plain/a 238.jpg,Plain,train,aa1e5d7140b0506d8343c27c2929dd29067ef3bbadd695c8d6eeed7509640426
train/Plain/a 268.jpg,Plain,train,679cd111c05f7304fca66af50f7211dea64b7eb996026a30337e8266d35598df
train/Plain/a 245.jpg,Plain,train,ec0f97d367266739bf98085c09550371c24035172d0bdf78a7e2e653f71f5067
train/Plain/a 167.jpg,Plain,train,e0ab40df4e823aa784e981d21e3c844cb0c9b6e0103f52fd89661025dc4235c8
train/Plain/a 30.jpg,Plain,train,d7a5d2d831a8ccb837d497dce0c70566fb3b5d7d584ae2e825d534fc46f47e5a
train/Plain/a 122.jpg,Plain,train,a9625f7cae071d853adf20c443c37cb8f0118e3ad8705f5846e32877044cc096
train/Plain/a 214.jpg,Plain,train,75f175ebda68115bf558a1c0ae37b5d75a7144a7a2864a1f9bfd5882d6385b67
train/Plain/a 139.jpg,Plain,train,f5f33e6ce092e8c0332a8d39877129d15e62887a8d20ee088c61d3bad1952454
train/Plain/a 213.jpg,Plain,train,98195719f6cd7c554a66f897a667806fbb348977be42cfdd9f817398693f43c3
train/Plain/a 316.jpg,Plain,train,0d63876f26b1de394825a20aa00832c8ccd844e7940d076c1302bc53a9fe2fdc
train/Plain/a 312.jpg,Plain,train,71cbddb98c7a0f74480516797b32102e6feae19e65996affac8f7f11b576c57a
train/Plain/a 286.jpg,Plain,train,504fc8e9c68279d51a6ae11988fd98825e38fa662fe8e9e014783cea7b62eaec
train/Plain/a 0.jpg,Plain,train,d96b5bb97a67838f0d99470fd74453261c8c45a3923dfc9b496325f5c394c830
train/Plain/a 53.jpg,Plain,train,4d55033a118885abf830ce9b5380959209de45f58d6313c733a5e10bd6a475cf
train/Plain/a 3.jpg,Plain,train,8221ee6d59c86dd00e4e9e0892302e7533da8a4160fee8840e3f0f6c857e6178
train/Plain/a 92.jpg,Plain,train,406a8635e499f91186d5bb79c2ddf518e82dd5872f906fe5c7df927a24554b1e
train/Plain/a 166.jpg,Plain,train,fe9693664e8e1da4bc19ea02eeca1b17a99bd4ff7d85631ac3bbed33368b7c4e
train/Plain/a 326.jpg,Plain,train,8441f128cfeabe33653b89167baa912aca1ab7f89e145bed66e1f37c7624d7c7
train/Plain/a 39.jpg,Plain,train,1fed249f3f30adcb3f1e51b03b7deb1bf2f2779a30c5bdd78bcf502cb7edaf43
train/Plain/a 324.jpg,Plain,train,4c142453c0137838288b9e66ae4d6989b487980ff9da7c6452faab1e88b1b961
train/Plain/a 275.jpg,Plain,train,a3a45d7cff482d35ab05ea7ffdb97ecee36edfdba6974b0118c7a371bc653204
train/Plain/a 16.jpg,Plain,train,8378b75b4e0a66278c556331b63f4792bb5b8fc58eda547999bed18b1b0873dd
train/Plain/a 271.jpg,Plain,train,93feabc5546e1004f3f1255c39c132c5f6b7e55b6f93555b3a7132a34c9ed5aa
train/Plain/a 317.jpg,Plain,train,56aa0e2c535e772ad96ac6cf19ae12c8f9769c88922bfb49dd566a0e8fa9a53c
train/Plain/a 287.jpg,Plain,train,da6de5d44cf85018d6f45b69afd1cf17cc7a47852c8c38ca462c0246310f3471
train/Plain/a 124.jpg,Plain,train,1bad5b25dfc4736f6e17ac239a05a94e3545b702dd55a94ff293e687e7dd1912
train/Plain/a 264.jpg,Plain,train,cb408b7d1da673d228b2b083c4a92e88c521cfbf36b50b6e9d74401991692f6d
train/Plain/a 298.jpg,Plain,train,743517c43f37b01a9d897e8121d6634386aa27f11c70fb20961829a11e9dd6a3
train/Plain/a 10.jpg,Plain,train,32adcd01325929771a7f7993f213dfd9cf798d50bec91438f99b6284dc6855f0
train/Plain/a 225.jpg,Plain,train,e1c7cadace06e39b6017abc6af6623956bcc2999bc172b1600468f4f95697ce4
train/Plain/a 156.jpg,Plain,train,3af1315b7af1ad7edb8906faefbd2da0963c6075269b736a978a5fedebb8f6c7
train/Plain/a 81.jpg,Plain,train,706d567f9a7ffe6ea840965136a27f55c4040136d0d389116d0502cdb158bd4a
train/Plain/a 50.jpg,Plain,train,b4d271b8ac42f9c6b88bdedfeae90b8634b38e3a3994a29ad9a981ffc8848f49
train/Plain/a 296.jpg,Plain,train,b44b752cc34bf45c8c293b15fa8e734be1af7f10535e4ccfc027d2f6caf596cc
train/Plain/a 186.jpg,Plain,train,fb8777894b31c6f89b0d0e863f87331a766fedbb0c9b2934634acfbc2dc334d9
train/Plain/a 56.jpg,Plain,train,c6f6d611cd5add403715477e5b4e641f1b7311b762d19c01c3e9e4b27d05b312
train/Plain/a 335.jpg,Plain,train,2edf589720ad03c3b4758673c41e3af277e800fdac0f644a56b6438cc7ba139f
train/Plain/a 235.jpg,Plain,train,fe95365fca08d131a0a4876ee6b3918a6cb70927ec524f30c8347135de235a19
train/Plain/a 329.jpg,Plain,train,da09cea5030af296cc75bf77a779fd51d62c6f38eaa0bdef8f218425336561d7
train/Plain/a 76.jpg,Plain,train,8e7564dee3361b52e2f14305625376dbb8e48bb7648ba83aca0799cb3294bb01
train/Plain/a 280.jpg,Plain,train,c1008582f293679b6d8c5be0390e05cebb39e59708adb20138596684aff0217e
train/Plain/a 51.jpg,Plain,train,c124ec5413f8652a1a8899fa456b8b4b826c422d03d3eb58bb4bab2457af4802
train/Plain/a 242.jpg,Plain,train,a7bfba08d346daac795cb8fef975927d79529a4a8e31ba028ee749ad20373037
train/Plain/a 133.jpg,Plain,train,ee393cc66029593d1c60ed62054940984d10a4d01a245ec597506422be7ae87f
train/Plain/a 337.jpg,Plain,train,4806a4d54bdfb38c5cdc54e20e73edb75b1e708b1fe6d1c08bd13c7529e5ebeb
train/Plain/a 297.jpg,Plain,train,6937b4db725408790540be62e0d7838066f8242facebc30a509bbb72de819b76
test/Plain/6.jpg,Plain,train,342f673a2899ed4115bb3f07c80ddc7f68e53b4c24cefc938d3b13e6326680d9
train/Plain/a 61.jpg,Plain,train,1867710b7ae39f03e3cf3e4a3e32378d049de3642b2dd24d6ce2b640c08a9702
train/Plain/a 54.jpg,Plain,train,c09ff7f669735f86a2e291c12fe330c18f0e756f56ff7ab92e6e291b92e43202
train/Plain/a 211.jpg,Plain,train,252125f36a298b6abfaa7babfd6e88f8771484202d4e404550a130da141ba55f
train/Plain/a 215.jpg,Plain,train,4c14374235487a90bf3390e3d92bb047db7e20d0bc2a201275a2e894d9cba534
train/Plain/a 320.jpg,Plain,train,b85edccc5dd3735647c9b4bf55afff3e759d3f92f1fc99e2e3d0d7b2ef4f826d
train/Plain/a 149.jpg,Plain,train,fc9126858c2c6a5760d73bdc884b279f1fedd9889ab215cd9ae9c8ba251fa3e1
train/Plain/a 181.jpg,Plain,train,8a5e296d1712a51b17664be780e1bdefc6ceaa04c42316be9d069fd78e8015a0
train/Plain/a 190.jpg,Plain,train,4587c473fbb63eaad1f1b50e14970022fb1c32e8eda4f029ef8a13041c0c3605
train/Plain/a 314.jpg,Plain,train,2e39dcc1919bf659afcb6f78da5375a94d2411c72ef3e71d9df9d5f0482d386e
train/Plain/a 82.jpg,Plain,train,4d23b79ee332381f2be12440bd3fd219cd3f99790601310e44216aeafe324f10
train/Plain/a 197.jpg,Plain,train,933191b52a6ba5f1a02819b8d91db40750c0b59ea7e8b4b9faf40792f4eae6e9
train/Plain/a 232.jpg,Plain,train,9f0f776e35a1d1c256c84290840c8d8758a27949a1633f5ce446f3cd6894fa60
train/Plain/a 270.jpg,Plain,train,4a2f65e63f52de7125f03f2c5d847d15b3240eb6379595b0deaec34c66f2e8c2
train/Plain/a 321.jpg,Plain,train,e7459623979ce37924a1cbbcaf5f83f28bca1853ad24dc7066fd7ffb058a4d4f
train/Plain/a 332.jpg,Plain,train,99bb110ebf8406bd921fe73f2f966cd13f973069816385d9430ae4471528d469
train/Plain/a 227.jpg,Plain,train,4359a4f18df35857dadee08449172ebb45af5826baa55d72d460dae3a22ed52b
train/Plain/a 27.jpg,Plain,train,375e2f38503a139742ff5c561b466ac271e3525aa32ca32593ff0cabdf85774c
train/Plain/a 62.jpg,Plain,train,b3e8957c895cedc3d459e6973f2b4148ac2424cdc8022389daf4592ddb693f38
train/Plain/a 55.jpg,Plain,train,72608c1080fd10d086e4e8c94b81917291e9189ab5f43f465aaacfe7d6ff8033
train/Plain/a 159.jpg,Plain,train,e677a3536a071bded71db56bfa4c14f68783395aa4fcfe42d2656bf6b7586caf
train/Plain/a 63.jpg,Plain,train,81277f92343ce54c23c873bdc8472e7113ed80f2fbee40478b622f93acfd0169
train/Plain/a 336.jpg,Plain,train,e64868948d205d5fe41b8e328d164baa95640aeee60132df0b4545a36fee2b3f
train/Plain/a 246.jpg,Plain,train,7ebd98c3eeb07db8fcfa78a79725649c29543d2605b6b37ab6fad0879af2d2f0
train/Plain/a 309.jpg,Plain,train,202216ea24b660fa825089755409040bdac26f47d9221b03a443e7ed309f5f7d
train/Plain/a 301.jpg,Plain,train,2a9946c578ad21b144a85898dcdda285255bd987a4ecb335ea3f58a195618fc1
train/Plain/a 86.jpg,Plain,train,87546f48d1d87a00240ff0ea9c77e1c2bc075aed047a99cc9e28101901bd4511
train/Plain/a 328.jpg,Plain,train,c71ba3448abf496211a936a0671afea49848f4d8ec8016107784a3c4bbc94c5f
train/Plain/a 90.jpg,Plain,train,e1c1388f6fb446853544df9b144b5c68b37713185e664170d7f3d0fa113321d2
train/Plain/a 334.jpg,Plain,train,29ac16c624becd578765fc8010b8e5ada62b58fe685d7a58122bae0df43b5535
train/Plain/a 196.jpg,Plain,train,5dc00dab1edc975e97cbd9762b5e605b7b99fbee01fea729368632c5e62465c9
train/Plain/a 128.jpg,Plain,train,f926cd7abb356716d18a1e014b2e5475c37b6d5630434f51bcf2d2e5830f902a
train/Plain/a 221.jpg,Plain,train,67b267453322ac7cde1f087e3f645d6bd9486cc3258f31adb52479b318c4f4bd
train/Plain/a 283.jpg,Plain,train,1be54a1c7b90be0cb2ae6c576a5f675247767f037c058776a668bb745fb6dd22
train/Plain/a 243.jpg,Plain,train,1c2030474cf70d5cd93e4fa1094b9b4f292ad43551e0e00da9a917abed76e799
train/Plain/a 95.jpg,Plain,train,020c0900ed9b0fd489d6a12bc456fb7811701350751c7f51b5ce455694517fc5
train/Plain/a 203.jpg,Plain,train,670c89648edb14b3c820f5a013a20d532f2910142b3372715bfbb36e86121582
train/Plain/a 123.jpg,Plain,train,767b1ad53cb7d5c66ee5d125d4a24b7d7ada6a3c8eba4fbfe79b1db9922b5796
train/Plain/a 248.jpg,Plain,train,ba46b342a605b788fcdae8fce0c02850046c6fd986b930fe2efc0c96cc4ceb22
train/Plain/a 83.jpg,Plain,train,9f87e55d783dea15fb2387242d6a721cdfff0e4a7686ef48d64c087006255203
train/Plain/a 222.jpg,Plain,train,ff8dca056366676fd22bcbe251aeb4e6a4509f4af28023ca59cc11e5f6133f73
train/Plain/a 49.jpg,Plain,train,e83ab13350d5f659d4762066873709283a1f5fdc93699069a664b9e55119b320
train/Plain/a 310.jpg,Plain,train,dc829838a797997e39be3054f289c5019431944794a284f38b9ef3a002aad6cb
train/Plain/a 85.jpg,Plain,train,765728a9c3a4719c3f08c8733a014cdb8e2bd1f6369849ff916051dd2fff060f
test/Plain/4.jpg,Plain,train,b32178b3361cf9ee879ba1365b31b9c8366d276fcb1ed01dc22314072ae2887f
train/Plain/a 177.jpg,Plain,train,08f107f5134b4ea0b127a3c83f777cbab6e8f53d66becfb761da208fe30da6cc
train/Plain/a 130.jpg,Plain,train,7736a889cbea24cb0636e97c5bc23784e12fb685a0b4f9c376d5dcf843ea5099
train/Plain/a 220.jpg,Plain,val,0d3ddb4db7a50754370b58c39c344f5805b585170eaea527052bbbc2f08b6e73
train/Plain/a 195.jpg,Plain,val,bcd2928b9a63af74c50acbd7975d475f04bf18966fca30a1dbd4146a7df8e449
train/Plain/a 261.jpg,Plain,val,e88582f30586dc639b9eda9737454bf127648514a54b9120a1686b7ff93395ed
train/Plain/a 269.jpg,Plain,val,5b2a8c6a3a36ae11ace21334128db92c9ee84323f6ff10281650bfb68ad72845
train/Plain/a 173.jpg,Plain,val,b0de7c42f1aa747f8d19f8087ae673a693711aceeef5a595d2474103b6bc5598
train/Plain/a 266.jpg,Plain,val,4712d0eaaf420b6024e31a151bc9875c4acde4c2616bd9879182240594d3a484
train/Plain/a 307.jpg,Plain,val,2987ea8899c8a47ba0ee2b55b8cad23317331e61534dec0402380df5f46219b1
train/Plain/a 75.jpg,Plain,val,e68b1a5b4cba9239d543dd9dacc1adaab3883f57b8d2355f20b1c71573222b14
train/Plain/a 7.jpg,Plain,val,d68f158c0a0a1e3294d9a62617a08102fac78256597ba4be43094e461c2a5b96
train/Plain/a 144.jpg,Plain,val,c74c34b9a8824ffdcd8cf57062e64be38b52ea010a8ff01383aca58f38389baa
test/Plain/8.jpg,Plain,val,9df8b6fb8814e172d561a95186767963d091b07ad433fbe3a04079c2901c7532
train/Plain/a 60.jpg,Plain,val,80e35e6d177e029a16a96d3d9a6d6cfa0bdece49d6f8e2366e0340c46c7e8f19
train/Plain/a 231.jpg,Plain,val,c930e616bd676ce25035994c2c60e7d2d4ae40950190e03250548a380a75b346
train/Plain/a 202.jpg,Plain,val,df209f9eaa10d24213db77c8cde202080d8b14969338aad8be30ea47792b6027
train/Plain/a 119.jpg,Plain,val,fde737251a230b5faa6e9d272957c799052e53f78efb75e4629e03fc46ecbc91
train/Plain/a 13.jpg,Plain,val,ab45852a4ef5818324b7e40b01af04e6851e8fffb9cc36c02121f78d996be022
train/Plain/a 187.jpg,Plain,val,c3df970f0e8ecc47d199b7b8afdc7f6136870245fca4d01363e22b3e10f53d9d
train/Plain/a 265.jpg,Plain,val,4992c449c00b5f81fc3c1f50a12ff24956c9bf4364b1461f179f18f1854b28a6
train/Plain/a 233.jpg,Plain,val,75f97870bfb0bf164aa85a39a71c8e6bafe57d45c594b50de7e384d8de833ef1
train/Plain/a 48.jpg,Plain,val,fd029756d1123a707634cc03b13c72ee21ac1cdcd5156ae891e8153a4e65f63a
train/Plain/a 134.jpg,Plain,val,b27a559d6e5f436847fd5994c4f1e4b3157eabc7a56a0b9509f6829aff3ca0a9
train/Plain/a 272.jpg,Plain,val,7595f8bdb0d7adff4dac1ff1fbd6ddfc904f2b15227318643ba09a299a48857e
train/Plain/a 155.jpg,Plain,val,c5466f549b3cbd4a2f3d4a2e636b3614daecd08a6f8827e9312bfa2063e0d130
train/Plain/a 4.jpg,Plain,val,5d0b286fbeec842ef107a7fb8bc9929a8111e566863b6861767cb356f11175e6
train/Plain/a 31.jpg,Plain,val,8d020dd8d1992beb2712cb6d02ba4fd7c23e231a2f75e974c3a4cdf17e7bb408
train/Plain/a 118.jpg,Plain,val,ee64dc790bf1217238d3fe33770bfb63f317f5fd8eff8d1cfb11a28aa36bdfad
train/Plain/a 22.jpg,Plain,val,eb1a3dd1eb94914c2566ac223a7b9f420b58b277600063c26306c4c30d24c888
train/Plain/a 257.jpg,Plain,val,5eccf2d5ca3fc6b659d7edee66559ffc9ff99c082e76f76bf8aeabb969d838ac
train/Plain/a 263.jpg,Plain,val,b549ddc99dbb91da0bc12a423492307545450f980deb106168eb1ae1b8d830a9
train/Plain/a 142.jpg,Plain,val,3e723872ff3d68c147984846087f6e5706600155fdadf8358d7cfbf103f0e1b1
train/Plain/a 273.jpg,Plain,val,b4c379917c46b9c6e0d1b4d666f699f7e62f8f74182c6b7e1f292915f252b2d4
train/Plain/a 93.jpg,Plain,val,a62d2b15fd0475c0751bb022d387706874537b2d9441026258a15fdb1826e9ad
test/Plain/1.jpg,Plain,val,068527719392ae5d1191e63fabd28939ec61eb30cca5d06636bcb57a798a14fc
train/Plain/a 253.jpg,Plain,val,ab04b3f9c5e8c5de4309208b659c8f426e3904b67891f19cd34c32704369604e
train/Plain/a 198.jpg,Plain,test,e3920063ae1f030cab2c3fb84b996fd0a145e4a2e97aa8785e8a90232258a073
train/Plain/a 17.jpg,Plain,test,628ccfd3bacfb28d20b07158652898352b918c93349227d5e16fa4b88e2d3542
train/Plain/a 8.jpg,Plain,test,b8cdfca4c020507dd7730f06869cb5ee5c4178baf23f2dc070f521c7f32a67b7
train/Plain/a 255.jpg,Plain,test,7316e83f9b7c449642d6b43d0808d5a2f2af86a56341ed6bfe9c5a5ca0f20a5a
train/Plain/a 96.jpg,Plain,test,00e31bcaaa3808c5ea8c1609935df2b12267ca62e4ade70411d53be3432425b6
train/Plain/a 171.jpg,Plain,test,455604dfbc9432a616e2d8131f780a6ae46f095aca3bdc30cbf6dc88885bf7be
train/Plain/a 100.jpg,Plain,test,f1a296f7bac0c14e46da134db8ae53926b510867333aa44bd7a6ee395ca95206
train/Plain/a 226.jpg,Plain,test,667cd23e8eb2c76deb07f682bd9bbfc20c640fcd63a8264a8f651097dd0f5f2d
train/Plain/a 66.jpg,Plain,test,4f0669eb48413c109e32ab36839ec0c271b9ef1cd782da276d82ae74a9891ec8
train/Plain/a 304.jpg,Plain,test,50fe4b152e19e041c4849a244de24ff649dde38c8dd32db1368c32f4ef072474
train/Plain/a 2.jpg,Plain,test,ed60b133eb4253a3153e6ce25773a913224abdef16db9475eb67391140c55488
train/Plain/a 291.jpg,Plain,test,e9dafe9e9ba78cbecd5f052e1c7305b5bc1bb1e7e43a6442d26b8c8b61bdaa71
train/Plain/a 99.jpg,Plain,test,5ad2e4068441935297189dbc5fe1720eb55db11f051401eea8b22ec8e09914ee
train/Plain/a 19.jpg,Plain,test,cda5ff79efc5ec0beb3b17ba77d522741cf2f704ea1233924f482c61b93a1641
train/Plain/a 52.jpg,Plain,test,23bce4a9b44bcc1c4b647621fdba525b4e74a9d63274310f6c54e946a1a7836e
train/Plain/a 11.jpg,Plain,test,084c629a86e5d6177466bd740ba1a05d3f864f5af4f39d1fd3c26fa859174a89
train/Plain/a 72.jpg,Plain,test,c6d23b8a847ea322bc6ed6b9f924624d85b4a0e46319ed37a48db9db0f149f74
train/Plain/a 330.jpg,Plain,test,4f29b0b5f2cd059d28e8e303ff5fe172134b03b6ef7b8a8d6a07cef6be8fec23
train/Plain/a 205.jpg,Plain,test,2edf9281c546a5873eb639c1f40a1bdb1dd4a650b4d9b1be94b21bae90d7c6dc
train/Plain/a 199.jpg,Plain,test,851a4ca833189e99d9e05200c5731a9a100c24e156061619cd6cbbecb4a23092
train/Plain/a 140.jpg,Plain,test,44154e2a39b2e9d80d283ff86bd885ca39300cc0d1cc8a2dfe12dcf7f1d01ad3
train/Plain/a 111.jpg,Plain,test,05b66851fd5cbf53cf312ca2d4275b2dfc0013ee76bcef144f83405a4c8fe88c
train/Plain/a 112.jpg,Plain,test,1b5534e26863529883853c4cb62585faef4413e6223628f5f9b0339e6143e2e3
train/Plain/a 293.jpg,Plain,test,28489a08e9ebfc8803898cf98a9725e3b6247f65d237c61ab83bb880846f2f32
train/Plain/a 67.jpg,Plain,test,5d666f29c93195353119e5e257c523642c0a3edd8721b5d11782f8e11e8acadb
train/Plain/a 138.jpg,Plain,test,cc078d30b7e82d8f0a4e69920cba8de3f7dde76b89fb26bef50152db74171fa2
train/Plain/a 44.jpg,Plain,test,a7415c4b6055407cd944040e420ca334c672dda2432fdd4876326afffbfe343d
train/Plain/a 145.jpg,Plain,test,6775a526ac37ed1256a6f6cb8090f6308a9915807bb69945c9cf04c99bc36d3b
train/Plain/a 162.jpg,Plain,test,cf50ba67c86c61d071b1cc3aa354580bce60c1362ade93fb53102991d4c1058d
train/Plain/a 200.jpg,Plain,test,dbccfa692919e56e2a8750689d9b5b05aa30fff9ab9fcc900844366c255e3be4
train/Plain/a 210.jpg,Plain,test,ee0bf014a9d32cd01feffb32c89891ecf5ee7b9a41556d94e32c2860d4a67429
train/Plain/a 224.jpg,Plain,test,c1dbf49a612dd729e1e13abd413285e28bc55b1dde4b72324cf82465c55d29e9
train/Plain/a 109.jpg,Plain,test,109a81e1c976145b973bdea669f35b06140f73fa8678b9b3d7c3e7edd818e96d
train/Plain/a 15.jpg,Plain,test,bec435c7be5bf98f7ec48b1da3ce4abb2d00464957712f637ce0a86daba0970c
train/Plain/a 91.jpg,Plain,test,14ffad47447e790f6c32c43090057886dac4a91bf2083d9c782a06d9f2fa3382
train/Pothole/p 153.jpg,Pothole,train,97bd7c7458cfd049744c78114ceaa4c1c4001e74082592008c2e95c234a7791d
train/Pothole/p 112.jpg,Pothole,train,98befd38023cdac269ac38993bdd69ad462e005f6cac696994a622c77f6e2949
train/Pothole/p 318.jpg,Pothole,train,c9949375d8fcc63d817fa27952803bf244bc354b05e8c31a8815115c9de24a79
train/Pothole/p 265.jpg,Pothole,train,bb025361b48e6d85f24e52b003550f73d183865624fcbdf882e93679538ad918
train/Pothole/p 275.jpg,Pothole,train,916a78e27d96cae69503b9e64ca8e25f819fd0496df34baa387fc45cd8202b3b
train/Pothole/p 92.jpg,Pothole,train,93e1db8d918a6321377ca53ac0686bf8009993c512d65abecb6d8621a0e7ed25
train/Pothole/p 81.jpg,Pothole,train,63d7faabe29033dccb75dd0cd9e31d8fb6295ffe11e28c0b297beb3f774ccfd5
train/Pothole/p 249.jpg,Pothole,train,076de69a58633384e47ea13f7f0410d876ce3a638cec6aff61ec0179cdf3e904
train/Pothole/p 226.jpg,Pothole,train,ac43fa3572091f89ba8af984a29d37c0be29049df5391ed86ecb1457cae3e18b
train/Pothole/p 155.jpg,Pothole,train,a230a9e6a4fb93a77843f774c0066321f890d821dacb5d5bba9824c476a355ac
train/Pothole/p 100.jpg,Pothole,train,9d2a5e9ded08566c7a5c2f2c96a9a19828b2e44342156da96fee33c3864dc68a
train/Pothole/p 201.jpg,Pothole,train,742e989f14d059398de684d609167f9dca5fcdc83bf13891ea7ef27288889c8e
train/Pothole/p 206.jpg,Pothole,train,9fa9e0cb636d3711d78d2722b0153f36e7e51dee706a0130fdad26cfde97e56d
train/Pothole/p 253.jpg,Pothole,train,312095cc92ed990539b290575ab0fca8f4341dc71e47ce7dcc5e046fdc59026a
train/Pothole/p 257.jpg,Pothole,train,54fc3f0f36fb0eb15bd3aff227056d40f81487e746d774bff034fc8ab3bdea91
train/Pothole/p 102.jpg,Pothole,train,1a3e2895623034455def4b46160c4e747543b0c1332fec01fbed65bdd89bb60b
train/Pothole/p 248.jpg,Pothole,train,867f0522003625ee322fe07509d454a907c655d681bbdc7573737cc7bcb3b26a
train/Pothole/p 123.jpg,Pothole,train,34d682a4c346c31a74f249f8b78aeccdcd2b8c70178999dbf8fbfa73f0c1a194
train/Pothole/p 301.jpg,Pothole,train,40afcd693f2d1a704df632236497a2d54c48480ec6e5eb17ab0a193216fdd1cd
train/Pothole/p 10.jpg,Pothole,train,80583d0e990e63562dfa90a1b97e34b1775ee325ed9dc689206a53b94733b134
train/Pothole/p 260.jpg,Pothole,train,3be013cf7b533b889ce7d284ec3b4419356bd49e5488ab299a1885e339544a95
train/Pothole/p 279.jpg,Pothole,train,14c3531ec63e7f5eea1f4803ba9958f081faa3deca1dadaddb775f711b1a93f0
train/Pothole/p 232.jpg,Pothole,train,d1947655ca637f9c9d948ffa537ad61c7168df073f0f18e1e73ddb71c4915735
train/Pothole/p 7.jpg,Pothole,train,1f3e63d608247f92321417fed1e852666ac2fc2d0e9bbfc00f23850fa07b2cdf
train/Pothole/p 345.jpg,Pothole,train,2fa21d2b19d9e060994d5a3d9b95908a9e589d4429a9b4a584f6a0ace5cb3590
train/Pothole/p 33.jpg,Pothole,train,ce7c22b70a85c50d32de9502ba3c11a9488f02327dff3ea4e852f19b23c1bb74
train/Pothole/p 209.jpg,Pothole,train,584f7cc144621a50ea20fdbbbb53a3d4c846640059a0c896ba1ff340cda47ce6
train/Pothole/p 6.jpg,Pothole,train,a72dbae9c5b49ae1811a9458e035e21a595923251b64ceaba6f26c8d0e64f03c
train/Pothole/p 48.jpg,Pothole,train,09669f9730bdf5efad01f15e8b18b88a7c8e0b5043e4b32c4b231e428e6f0c23
train/Pothole/p 133.jpg,Pothole,train,4d103b2e4aa69badea6fe55b2dc3e1b57d627815e227efb2d360f6a6d30bacd6
train/Pothole/p 308.jpg,Pothole,train,afac28863999a691449a42f9e148e8d7032008578ab761485d9e038a2422670e
train/Pothole/p 71.jpg,Pothole,train,2af19a444ea2250e5adf6cec73744ce9e0c4f771a8272fd3bcd4efe992658f67
train/Pothole/p 120.jpg,Pothole,train,0bb06f2ba6b34202be6b5c0827f1f7ab3cf10da1bf84a7b318219708da4c27d1
test/Pothole/6.jpg,Pothole,train,7f19a13b3d012263ee855b3ad6fbe55fb2f67d8b7583d178daa06ede5910c605
train/Pothole/p 14.jpg,Pothole,train,7b32ba4cc31634fc123c5362a833815153a5aef27edfa6ad6e0b4daf2212ec56
train/Pothole/p 189.jpg,Pothole,train,f6a8cd339c4c8ed2fc7a2463e61c15414cd7ce745dcd45e86b0ea347cc3c6f9f
train/Pothole/p 258.jpg,Pothole,train,c7d85dc95847b867ac5466eff3dcf5bdb4194afb38cd6c63db9d697c06e02151
train/Pothole/p 188.jpg,Pothole,train,7b646d5783d82fcc00a575428e72a8b0b6a29cccc6300d5262493c7a34c6c572
train/Pothole/p 262.jpg,Pothole,train,53a117df528238c1aba6fdcd11dce0a6e05d76fa0bdd17246f605c857bf2c817
train/Pothole/p 135.jpg,Pothole,train,c93a72e30d29249af01acec988107218632787b8a425e1102a0884758c17b7a9
train/Pothole/p 2.jpg,Pothole,train,320b71f0fdc4b8cb6a593340059906ef4208e1ea7e856db2b6770ceb8a30d164
train/Pothole/p 110.jpg,Pothole,train,ce3a759c35b7fc0677c51bd82bf2d7017e025c3bfdb7ce6b294713a10ddf98bd
train/Pothole/p 46.jpg,Pothole,train,7b861e0ece482afd0bab6eeabfcc494931fe49372cc5d8d3feb90fafbd87e946
train/Pothole/p 339.jpg,Pothole,train,a91a1600373f8dae79687ba25dd4f9a2c614f394470794cfb0d656fe2efd2234
train/Pothole/p 177.jpg,Pothole,train,f5d161115f531126dbd702e4b29068f030a6ae9daeb00183e8060207e975672b
train/Pothole/p 193.jpg,Pothole,train,a2396f784a736e0ed98d6442f62d603f56d11df55f9414d764b2a2ed45afe2b5
train/Pothole/p 95.jpg,Pothole,train,fb45b0a290623e1b19a4ae102a74248fc8300f6252c19eb7c10c664c838aba1a
train/Pothole/p 222.jpg,Pothole,train,da8cebc77c6eee9cfbfbdef747573c25fead4c78a57bd6fea8eaab5c88d61585
train/Pothole/p 53.jpg,Pothole,train,ff9613b1dde8892f3f0a5f0fa7c1b6f4542b897de53478a1121514ba3c4de5cd
train/Pothole/p 328.jpg,Pothole,train,09ec80b6ef4b85e18254d9cdb557d3b302665d22c419f5db520a84430c7c3ed6
train/Pothole/p 344.jpg,Pothole,train,8bfc00cd0507bbfc00761f59345e72dbba50b515432350111f23b12c5bcfeac2
train/Pothole/p 291.jpg,Pothole,train,66cf6fd4f79e81191cfab51121e6aa35bb1232e5396aabb657be4117c8d8feef
test/Pothole/3.jpg,Pothole,train,5674de73e28f2250d8baf77180681fe1a3a974a45e310425383069c857153664
train/Pothole/p 314.jpg,Pothole,train,884684a99e3731582238d8c5820461dbd2feb7533eeb306fdf49e4696f7c9c9d
train/Pothole/p 331.jpg,Pothole,train,d43f229842e977c9bb4ef4770a5080c0f8dcac32f2bafdccd36f64b98f4a8629
train/Pothole/p 255.jpg,Pothole,train,2753b9276d3f0e80ee82a706b75338313855b92ed3b9c6400b057985eab310ed
train/Pothole/p 234.jpg,Pothole,train,bfbd34dbcc3a6110af1f6e718185d44af6b6e81b9f5b9f3343817ea1805f0864
train/Pothole/p 303.jpg,Pothole,train,2152fe5ffb5c62e12671ac3ddce344d440ea88a8766d6d82ca0bc176f1085868
train/Pothole/p 183.jpg,Pothole,train,4c45132c29bc7e2a20ea5a5b9ded3ccb057be7823da995ffa6ef1d9c8856a60a
train/Pothole/p 12.jpg,Pothole,train,69a435dc9d801975d1b4e9660b445da9310bb73a1ab9f5cebb6cbdc5cd55639e
train/Pothole/p 60.jpg,Pothole,train,fba9760843e1b956ac8c519f6408be68f33f1cf4353bd1b69219d7716fb8491a
train/Pothole/p 19.jpg,Pothole,train,a002f474a4e0302b586a3793e2d9b571bd273bec0c32d824c2ca99b30ce605b1
train/Pothole/p 11.jpg,Pothole,train,711b818800c03c07fab193f0d4ec00c2a88da698ac6f714a506e3a587bf9e685
train/Pothole/p 311.jpg,Pothole,train,c5774d275d9cae9b9e86014a91ff2d99e1056766f0fc669fae194e58fc97f7cb
train/Pothole/p 75.jpg,Pothole,train,fe3de57b13b1c3a2ace8e70a46e70bdd1adcfc8784838847aec637ca3cc8f80d
train/Pothole/p 346.jpg,Pothole,train,689e86904b5bf39cbee2839d86ee6d8063bdbc69f68c5e4c1d5bf17b44a6a045
train/Pothole/p 59.jpg,Pothole,train,f6b974572cc3dd20dd74f1b749d05b375c99b7aadcd021c7709ad322d1d868f5
train/Pothole/p 352.jpg,Pothole,train,d949cf3db4e6054cac5beecac9a40596a122ac798ffce37bc9f14669f0d150c2
train/Pothole/p 247.jpg,Pothole,train,091a920d85f644ac7d95130d4d5a6e4029612831249999823ef6f913983681ab
train/Pothole/p 105.jpg,Pothole,train,50621ae9c204e242314a264d00d229cc75e22fd95bbd6a00d71835a94a5c6f89
train/Pothole/p 282.jpg,Pothole,train,6e4053201f1f8f380a42885b77da695a71da40eab66a6b9fde2bf4d172c3ad25
train/Pothole/p 165.jpg,Pothole,train,67e362d8830400db2329c2b1014753af9cf467c9ee9926441ecf4df02a1f32ec
train/Pothole/p 340.jpg,Pothole,train,2d39d35cdc8b9560135dd097c3e7ae6420b6c88d954e4c0d8b0669a2db81fc5a
train/Pothole/p 5.jpg,Pothole,train,5a731c7f4decf6a967bb5490cb761303115fb21ffa52431ee09bbe1568176921
train/Pothole/p 337.jpg,Pothole,train,f344c89d8e28e56b0467b31903d089f5032255109aee2174bc05380783edc712
train/Pothole/p 240.jpg,Pothole,train,c6ec8b822f90e3de4f6c0feebc5340243784babebba8cf50cc91abf710c4ad40
train/Pothole/p 107.jpg,Pothole,train,801bd66c09ba74d228473e23c127da635ffee53af66fac4612751bc198f1225d
train/Pothole/p 160.jpg,Pothole,train,872ec0da54e6f52f45166fe280105d7d0ac78c9c60cc847561b015654900b112
train/Pothole/p 285.jpg,Pothole,train,e3bf5c6ae2df0c3e3b8832b116cae4f19cda30632f8e3334739e8df3bdae9ae9
train/Pothole/p 136.jpg,Pothole,train,ae0889f6e3c36558472a7fc31e16409cccd8bde1a59e482c0253956481fdf009
train/Pothole/p 129.jpg,Pothole,train,32acec9caec030651e2cb3f68e38662fd5eddd4e2ac0e968c1ea2fd245bf42c1
train/Pothole/p 176.jpg,Pothole,train,6a3da208e3d3070dcadc59a3219b2594101ce80005ee8bae63f3c6b889468cdf
train/Pothole/p 130.jpg,Pothole,train,00ef9d4d395c10345e546f94940679dee4dc3bffb3b73a65d956552ddad37266
train/Pothole/p 305.jpg,Pothole,train,fc2a6b98350ff3d3281a1dbd2dd71c1b944430a4ccd2ea64db47294dcd3a8f2d
train/Pothole/p 99.jpg,Pothole,train,079a56827f81138451480628b1aa1a38932b8075592720521dc1b51b0de9a4a6
train/Pothole/p 347.jpg,Pothole,train,64e1a9507c12e5e587c0b516099783c93395b260b63256bba471b3478f98db09
train/Pothole/p 125.jpg,Pothole,train,0449b7a31d072e9ec516e1f8a092c1271291916d6b96560e8ca027255f5a8420
train/Pothole/p 273.jpg,Pothole,train,740e05c8bb84295ba710ae46021092419d0ad0df91741f254675ee69f7839a0d
train/Pothole/p 217.jpg,Pothole,train,2b156932ee60cb86a0e67e86b27d58098f35acc785af251a551f4d6549ab7b2b
train/Pothole/p 21.jpg,Pothole,train,6c221b1ceb660846577f2692d831b3abd58e7c0ed2d334c34050997c41df1a3e
train/Pothole/p 88.jpg,Pothole,train,8b153542a81641801c715111a9e63977ceb1b18d396ff0dcb2acd0a5f9a1ea63
train/Pothole/p 34.jpg,Pothole,train,215be058c32eccea71d1ffb25f3df40af079bfb93709e555bef50592855adf2e
train/Pothole/p 204.jpg,Pothole,train,d776ad839a6d3e5c3644e3d4d7f6180aca9787112363ddd48318fb10f68ef9ff
train/Pothole/p 128.jpg,Pothole,train,d0ad74cb46d44c8d32d6d4253e4df075cca369d5ebe87ea9231344939a4f9652
train/Pothole/p 64.jpg,Pothole,train,5095837b0b90ea643f074f5beb5c100802cb3ff43dbaee2c02a22e0e47d316a2
train/Pothole/p 245.jpg,Pothole,train,e659b391d33f029e6318019416ccef3cdcada39635b370642301dab65e59668c
train/Pothole/p 184.jpg,Pothole,train,f9f007d21087b3e3251fa8842f7fb59ab39970c16b9e5e8450959bfcc69f6948
train/Pothole/p 356.jpg,Pothole,train,9f87cbd17596591aca12504df1044e8e3962a6e2d354000c43dbafee4e7087ee
train/Pothole/p 23.jpg,Pothole,train,f2c94aa66fa0561c4ae8f88bece012f228d1517e3ca46d88af04ebfe90d44d87
train/Pothole/p 161.jpg,Pothole,train,0dc9b29e380c41eb700f25331c7a1f6f19bf20c71519346cbc50701dc3afcb97
train/Pothole/p 82.jpg,Pothole,train,40a46ad2c139a8c8c3336ac277a16006803981b3137ddc792a6b2b3e66a0c762
train/Pothole/p 156.jpg,Pothole,train,230b678863baeaca0a5298be8bd331c1139e4ef34ffe4ee9d90990afafb4e93c
train/Pothole/p 181.jpg,Pothole,train,5b7d127f55ad045533f4cf34bef53258b091b011263613d893c3b16855a4cc82
train/Pothole/p 169.jpg,Pothole,train,483ae7323279bfc971c149fceac2089f01319467c3fc2a8c17e1f7c50df7a3e1
train/Pothole/p 341.jpg,Pothole,train,12b69a0d246be9ff92f24cb639a0a9c41a7c507b3e0e92b311a5a9891c166090
train/Pothole/p 185.jpg,Pothole,train,68b9af6ada9db600aeb7500f68fdee8e4c4461a78630fd8dc60bfa414d89c5b2
train/Pothole/p 134.jpg,Pothole,train,f9ca1a9721afb67c738a501b2571f5945b7338206949420eb41bce337271c6c0
train/Pothole/p 27.jpg,Pothole,train,201fbaa971ceafa070d98694215b0c751825b5096678e69d80fc58b4b4422f3e
train/Pothole/p 242.jpg,Pothole,train,1f809152d289df95ea775e513f9de22e18ad3e65bc1dee1d8d898a15305221f5
train/Pothole/p 306.jpg,Pothole,train,5db27d9078287985fb3a65279f6a73894a23902f05a5b6bff1f2a9ea638b32c8
train/Pothole/p 233.jpg,Pothole,train,1f49801100e7ef846f2c49182509b6830ddc6f68e23bf5c7e83d475ea7f45a55
train/Pothole/p 272.jpg,Pothole,train,bae7976a6226ad87b8bf5d8ce839918068f990e290beeea4a119488f1c6c44db
train/Pothole/p 87.jpg,Pothole,train,2f2bfb044181d38135ab2891ded98992771e76b2890f65b6d1c1fffd1ed5b0f7
train/Pothole/p 277.jpg,Pothole,train,b5a7130568c74fcfb441d35f656a720b4e8ba5037a86c73983037feb1bd5ad04
train/Pothole/p 150.jpg,Pothole,train,369ae3aa407d688148dcc26f9923d85ab1ef8757d3ae3653a9137c6142a87b47
train/Pothole/p 111.jpg,Pothole,train,767b9ce21f3fd26c92a3f6cc0bd304d72b31a4920578733cd6fb292f54e541b4
train/Pothole/p 80.jpg,Pothole,train,156efa5d1314646bc51e8435c3b5a637a362048f63f60d7771e1bc95194036dd
train/Pothole/p 203.jpg,Pothole,train,d9de629129b2d883c6e3370a86c560528d7373468b9d18f206f1f4c1f841531e
train/Pothole/p 271.jpg,Pothole,train,a956b2698110ac98dcf0a8cf4e4972d82a1b9496d5e4c0247128eea478fcf971
train/Pothole/p 32.jpg,Pothole,train,68723e9561ab0cfa685d192f0e245312e480c0e7af3c5c3dd41fdf7d66abfff6
train/Pothole/p 227.jpg,Pothole,train,d4234a9ca58d9d73ac49d55f61ddbfe839c094358a01c34bb87dbe832cceeaf1
train/Pothole/p 73.jpg,Pothole,train,370013c977b93dc23a880dd21f05f03f95d3acc358eaeb933092987dacdda60f
train/Pothole/p 309.jpg,Pothole,train,e386f450eb32fb8984367624ba07614dc40f57a540cfa1efbbbbf2df9865ebed
train/Pothole/p 319.jpg,Pothole,train,365c3164ba73ed013757ab770c865962192964a4d249a11b5276a1b1d6d498d8
train/Pothole/p 208.jpg,Pothole,train,4127cfb121e833442e6fa2b1d3c784a0405b8b8004cd2fc9b2ae72dce792aa83
train/Pothole/p 287.jpg,Pothole,train,51b3f175f0140053e9969b43940bef16378005068d9f9bc513e4f7ba021d4454
train/Pothole/p 57.jpg,Pothole,train,7ae0abac2e1cd72864d6609d2aa00503d76508c05cb42ab7914965ffb90702af
train/Pothole/p 149.jpg,Pothole,train,7a91fed05fc4180fbae188fb750efa22e5be7f20ce6938ed1ee25a901a05f483
train/Pothole/p 196.jpg,Pothole,train,33ee1a8dae2634d334b5cf06474dfe15bfbe2f0001d9083f3af2a6c5d0f01645
train/Pothole/p 304.jpg,Pothole,train,048d62593aa1b68f1c222dcf03502947ad9d2a2e8944f5efef9ed873d4d91f82
train/Pothole/p 56.jpg,Pothole,train,64075910dee0c366a2132cfb3219e4a16ee71d42221c032f96d7d5d455fd6172
train/Pothole/p 69.jpg,Pothole,train,4381e9336159d805c0cff658be9b674e8c2a08fd03c57b93785d12419de12d78
train/Pothole/p 29.jpg,Pothole,train,064bd5a97f9270d2d4c266b8aaa069c988b452e59d753c539ffb3056b705e8fc
train/Pothole/p 316.jpg,Pothole,train,f014f635e0bf170d261af71db426021ed98ab7a243e6dc4dd263664ccea67f10
train/Pothole/p 211.jpg,Pothole,train,ac951ebea6945361dc7d0ea4c74daaff2ee3b032df32f6a8c4660b47c8875f2e
train/Pothole/p 294.jpg,Pothole,train,11e21b98b29e45e25758a13d54f2defbb41381c519d86a28b25773d0f7a5d0bb
train/Pothole/p 63.jpg,Pothole,train,f9013ca2e6969939a223fa636c58802f5b42b963061ed1ef014c8f6d47f74d92
train/Pothole/p 194.jpg,Pothole,train,9b1a63f85831e7af1412502bd30ac8bd344cae41d9827f806f0b00dd2f649150
train/Pothole/p 330.jpg,Pothole,train,077484be34dd4fc04c17f81a3e5d54a94d29fb5a026dabfd9d83dfb52776b43f
train/Pothole/p 43.jpg,Pothole,train,e0e52e36ab35bf0192bcbcddf72a3218d5155d2f1e59fbd8c4c20691ce8eb45d
train/Pothole/p 244.jpg,Pothole,train,e67712d0a9a52f793724ae17fe9b5c3f51bddaade03ae14f8fd967eccbd16036
train/Pothole/p 154.jpg,Pothole,train,327a2c35793ac7b32d3fc727f8b30ed606a5d1db9f3299aa0433d2ef14b24b97
train/Pothole/p 290.jpg,Pothole,train,15754f050fdd41c7cc49cf3c4362910ca30aa5fad6154ac2d29fc22d9c891099
train/Pothole/p 329.jpg,Pothole,train,58dca63a1289ada83505c1794e04ab961291d0a57e22166f75065febd42e488a
train/Pothole/p 94.jpg,Pothole,train,a99b2bd0fabe06c087827ddf470c6d48a2a9fdf0aff799ad08797ddf60c6952f
train/Pothole/p 30.jpg,Pothole,train,8fb2516565200ed7c94fe6725415b69b650fa090a1545383570b8352945e6a9f
train/Pothole/p 47.jpg,Pothole,train,9997aa2d6f68e4de11259dcd3b2de508a640dd045fe42ccc8194903d97916102
train/Pothole/p 281.jpg,Pothole,train,9e1c3bed388307c35fc962aef37fd1a271c088df09eff49f69743ed53e603be6
train/Pothole/p 152.jpg,Pothole,train,4cda701c07c8ca836cccd1ab98767371575eedfb3307424801263d7363ffd32b
train/Pothole/p 119.jpg,Pothole,train,5e8466705395aadfa6eed72ae77b1a50b2da5a4d203610da05862a129abe9ac9
train/Pothole/p 175.jpg,Pothole,train,643f470d009fd8061ce57fef04652a1b032b6998172cea3acfe983af1f628ce1
train/Pothole/p 216.jpg,Pothole,train,96488cb0416b749ba90e7e11dc6817ee808b166d30d8b422b3dddfb205c46fe4
train/Pothole/p 163.jpg,Pothole,train,6690e6a387c645175e5ca4bd1025c25ff98097edc62f3a9164176d75e35a1c5d
train/Pothole/p 49.jpg,Pothole,train,5c4acef81c70f81d9b8685b6bd7e91561d837073439bd724ce280348710d974e
train/Pothole/p 137.jpg,Pothole,train,08279683eed2eb66bf5ad4f3088d46194141d9001dbde04b13629eba3d0db45d
train/Pothole/p 349.jpg,Pothole,train,2f8633236603fa90991268dd17bf9dc6e649abb95300ecff324ea9d3e2c25847
train/Pothole/p 296.jpg,Pothole,train,1764c2f63890780087329da896c929e61b53304f43161400cb3ca669fb94577d
train/Pothole/p 72.jpg,Pothole,train,7293865f7aefd106ef886724feb8699459f845a077aeda51313ca55a598f4071
train/Pothole/p 338.jpg,Pothole,train,39f00eb5d1968f8ecf7b107287f4d82520c59bb50d3b7a5a5325894c2771f56c
train/Pothole/p 335.jpg,Pothole,train,07c30a48d53cb0695923de243c48adf8c25f3a85b777f85b8da0ee6f0ea917a7
train/Pothole/p 205.jpg,Pothole,train,347abc9de3161bbdf859c558c493c7ace40a21d641231b79a4b01891811943aa
train/Pothole/p 52.jpg,Pothole,train,02a4b0614c22a3105515bc073f641bf13f3f137f7c8446009e8cd8c1022eb73c
train/Pothole/p 4.jpg,Pothole,train,9ffc9077f787ca73c864efadb38808f26db73fa222e36b0795b2592cc3745b20
train/Pothole/p 307.jpg,Pothole,train,6cdce0c57b179df8a8519d60ef669e6c4f215778e5a26769805ea170154aaf8d
train/Pothole/p 278.jpg,Pothole,train,ffca51782cf3dc928f3a604187b9a8e2429ee5b3bc86c188aff08abcc5ac0213
train/Pothole/p 76.jpg,Pothole,train,df0773ae86a09004602b283ae51787f53bdfa0efeaa40d068fced3c443423579
train/Pothole/p 164.jpg,Pothole,train,5e55d806697dda22b6f84a17c682a5ac05f270a2789b6c477bca373bba458c81
train/Pothole/p 280.jpg,Pothole,train,d8736373d523b2f894f7900f3932b56666774ba914178ff3e04e9db144ab02df
train/Pothole/p 342.jpg,Pothole,train,073ca8b758d6b58bca56fb7666988932fc6cac32a2634467a223af9aad095a35
train/Pothole/p 224.jpg,Pothole,train,0dce2e614024c277c98b12867bda606f9a0cf3d0b136592f69aed1eb5963084e
train/Pothole/p 270.jpg,Pothole,train,50ff2cb406f62ee35750a34bcc9a1124c05577c08ceb51c554de646b09f73dd2
train/Pothole/p 168.jpg,Pothole,train,391201cdb69e99c3c7eb5830794cbfffd1c9d3cba9cda88972cbe937d16147a3
train/Pothole/p 85.jpg,Pothole,train,83e39eda7af8994e4177afd9aa81acd0a43650d94112931f217fc08d7cfd43da
train/Pothole/p 37.jpg,Pothole,train,89274a76a4937acea36bda28cd88959962322945be1789bf764690284a282744
train/Pothole/p 138.jpg,Pothole,train,03b456322cd969e93a2b58a39b2455554b9aee98261667e38e925e668b1b2436
train/Pothole/p 336.jpg,Pothole,train,b8db7c618402f50089ca309598994ba5e4a2c4a1a471eb25532da85d038a147d
train/Pothole/p 186.jpg,Pothole,train,42bea0a3219ae28bc1403ceaae3eb271de354ce43c4638b7f63e47aa2c0184aa
train/Pothole/p 267.jpg,Pothole,train,a94a9c5355766ca3bc5679b711ac6327720c1ad4e0530b9f44b3d1a797d3d84d
train/Pothole/p 41.jpg,Pothole,train,abf784e73666244a971637de94d84df673869d35342a1391061f4bb32c8ffbc4
train/Pothole/p 327.jpg,Pothole,train,547e477486c84a831e0c272bfcc76f0b6a4df485b8b080dd07bb77bf68f926e7
train/Pothole/p 127.jpg,Pothole,train,54398a9bb6d3a4b5758c86bca838f176cdb0cc51b4b03a391054bfb18917e0fd
train/Pothole/p 68.jpg,Pothole,train,c015d7344eaa55f555328fbb6bf2d225926c364dc9b92f9745fa57b33b0ed552
train/Pothole/p 40.jpg,Pothole,train,5499d10308a1c440f6a5f3bdf34b288515519d41854e950d8eaecbc64cfc290d
test/Pothole/7.jpg,Pothole,train,41566c131322c0a56314689f4fe6a551fc25fb84bd84caa9d66bbdfaacceea76
train/Pothole/p 191.jpg,Pothole,train,d7e71fd9914f21930ad4f16ee242911e4e210d0135f11abca42495ac13bf716c
train/Pothole/p 93.jpg,Pothole,train,fd8d76ca8c4dfdcee7eeb484c3be00514aa9073779b210f402f72ee95e352c1a
train/Pothole/p 65.jpg,Pothole,train,5aa7e8d7bb8211bc7c8e575b89a29d9860c2a88d7f38563e3371dda77a905e38
train/Pothole/p 321.jpg,Pothole,train,98dd9fd2b7381d7ea947df96e24f8ecdb18159cf75e9a3a5755768ac92528a1b
train/Pothole/p 35.jpg,Pothole,train,ad4deca8040af9a8dc3edbf662be5866dc505df557ae1142ac49d4fc2a6a4aac
train/Pothole/p 214.jpg,Pothole,train,8d6d73464f4a9dc398419ded512ec59b16f57a47b2ff74f28214284378115ec1
train/Pothole/p 45.jpg,Pothole,train,212dd9d74f94988ffe4ad445b8d116b7c2a09c9020af73400e200070f8098605
train/Pothole/p 283.jpg,Pothole,train,4ceb18ce32f71103f6dc1e791eec7a5ea2a728613b4b83e4450b56c1a1b450a2
train/Pothole/p 126.jpg,Pothole,train,028f8bd5dc45a0c65002439ecd044c855e5fcbbcfaf535404318b049566b54fb
train/Pothole/p 250.jpg,Pothole,train,74180ce03a07c02256d89a5b1c8a12790ead2fde07690c1ea682cb6bbbaefce3
train/Pothole/p 299.jpg,Pothole,train,b130e5daa2c7a021b8a795016fd68d688b553e6f247642b86f888e6c1c24cac8
train/Pothole/p 241.jpg,Pothole,train,8c5b8d479e8034a426e1474fecd5841029792ebae3ced8d8e2aead543777f12b
train/Pothole/p 312.jpg,Pothole,train,16f27e67a560b8c66433c4e38feba32a4a3e12a00cada89b50811cf2d45d43a6
train/Pothole/p 8.jpg,Pothole,train,31afa3a43eb5a4e4531d456dfb2d0b239a3b6fa3838a4daf5cffb9a5fcc39c5e
train/Pothole/p 322.jpg,Pothole,train,a8f2d00580bc3b5bc31172cbbfaa13f508b0f9ae8cc93aa0df9b20438ad3e063
train/Pothole/p 198.jpg,Pothole,train,451e15391f94df83f7f331e287c196dcb5c9464e3013b1baac69181e18fb0b07
train/Pothole/p 182.jpg,Pothole,train,19b2eefb3c49e7c7880bb1538fcec1fe55c2fcbb507854d87f8f94258064a064
train/Pothole/p 143.jpg,Pothole,train,87c1e34d548e326261a0cffd8ccf5db5031ffbda48b9209acd8dda116463e873
train/Pothole/p 252.jpg,Pothole,train,eba23efd920a8dd5b758cbbf011d7d6068a877f11c624ef0986d6c18790babe9
train/Pothole/p 268.jpg,Pothole,train,98c6b85a6772543e81916a07c05232a55ceca14c0b4975b074ae2da71e65e6be
train/Pothole/p 42.jpg,Pothole,train,3055c48857c4c9c704cc3dc9431804afd6d32b9a415b23f50df59a2435b9d4b8
train/Pothole/p 264.jpg,Pothole,train,cf79cbb95331d6a52657fde4eb4c35eb5f66bd8bb99b9892101cdb90f5dba84b
train/Pothole/p 98.jpg,Pothole,train,8608d36dd58462b29b015402cd946b7f7b7fdd691f184e4920b80d3cc4b312ad
train/Pothole/p 313.jpg,Pothole,train,f1d9ee0ec83f3d4165dc2e2d120a751e8c894293c8535bf1a1071780df7eb61b
train/Pothole/p 284.jpg,Pothole,train,563152e3ea940fc84f1fd191e6fe5d98dca51d9e844ad8a2de2777b73c901478
train/Pothole/p 218.jpg,Pothole,train,14f319b19503f7e3313e722c0f7f8fd2e078be31a303b9bc0812ab59a7c7e4f2
train/Pothole/p 0.jpg,Pothole,train,86004eb0ad229c99c9e679842d196cd7ce88da6223992f40f2b12abcac720ad1
train/Pothole/p 323.jpg,Pothole,train,bad643a4f82af8aa029f3c6e332d9c78dcebdef840af77238e6a4ac3b70b0e11
train/Pothole/p 44.jpg,Pothole,train,3cb0e3bb219e653e355d8849b2628308501748138aabed6adf2dffdf679b1111
train/Pothole/p 108.jpg,Pothole,train,a6cd7bae6118e1695974a1761583ffabcfb7eee8345778dff222a0c2a511ad6b
train/Pothole/p 96.jpg,Pothole,train,588013683390c03979523dccda89e29b82100af97a66babc346c0fb66cc64e8a
train/Pothole/p 141.jpg,Pothole,train,f144abebf6d21e1b50df804698b63fa74c36b3552ce40c35924310633b8ba0ea
train/Pothole/p 230.jpg,Pothole,train,0a0f42ac591b756b251ad40d686fbe1a614a031d02e7cdbc32ed5ab4d62f089a
train/Pothole/p 187.jpg,Pothole,train,86e09e659076e767523a56b1b2fd681e6039ff9e7655efe1879ed05259962054
train/Pothole/p 91.jpg,Pothole,train,0f728d7e6fa52fbc44c3d256eb7e259df5ccc199b3c7a54e809e2325e707da1b
train/Pothole/p 317.jpg,Pothole,train,a9f8163208de6e2b8f950f39bfa91fc198370b0d0d68ded7892b795c0495de6c
train/Pothole/p 238.jpg,Pothole,train,6e9dffcd66e0618b37fce88eebfd0af4039df7c91fc4e3b4ed0fd664c5bae21a
train/Pothole/p 51.jpg,Pothole,train,4f871df333cbc6c42b89c1e53b722f4fc02e24c71ae15a9e0482cef0391915c1
train/Pothole/p 84.jpg,Pothole,train,b452e0a560d25f53f130ccf5710f4443d313dc8971bb6fd818b09e364e0a0284
train/Pothole/p 28.jpg,Pothole,train,4f1af6d1fc5e14684417709dc8f5bbf4fc8922526d15250d4b247fceacef38cb
train/Pothole/p 36.jpg,Pothole,train,2f1f241542251d3b157ce722b37d7f4cfe8887edac4b20a72c28ab3921eae31c
train/Pothole/p 178.jpg,Pothole,train,ef444e7f05072913793e0fcc505a967cd4dd483dcff175a76c2538135da5829a
train/Pothole/p 199.jpg,Pothole,train,341031177d2893fc4587a941d7a43604f6d281b5d46bbc4616c78ff868cb2fc8
train/Pothole/p 235.jpg,Pothole,train,cb1bea538e77ce0b6c988dafc4b6c9379ab50ee4c35be3cbe02294823bcb0ae3
train/Pothole/p 122.jpg,Pothole,train,633a87469f367097ad205c5b299cff66f6524266b560113f0229c2c965bcd859
train/Pothole/p 106.jpg,Pothole,train,4822c70b7513d4b8f21358378b7cf43a0ab04b084f1ee0764526503ae26a544d
train/Pothole/p 9.jpg,Pothole,train,698a9d3a4245a3eeac59c30da53c5f125b8f78c0d5d515c35427fcaed4b824b4
train/Pothole/p 231.jpg,Pothole,train,f9026583344f5b771a0ee37878dfcc0be2deac68cee3163b4129675418df92db
train/Pothole/p 139.jpg,Pothole,train,e728a48d573de660a9dbf73079a6214a184cd610d76570bfaefc74a47e2c2fbe
train/Pothole/p 54.jpg,Pothole,train,0299df6c435cfdb32ed9f6fbd7caabbae59e21fa423c7e91f322143d868f3bd2
train/Pothole/p 83.jpg,Pothole,train,0c0055cb006c5fcf26baa127c809eec12d4a8c5aac4d4620aa91f42f36a4aca8
train/Pothole/p 124.jpg,Pothole,train,7de333537597d37719784a9b60664c9ab79c84682910a022242f52baa640fe66
train/Pothole/p 104.jpg,Pothole,train,6c98c571c6e1a119e560dda1e3cd36da65de8ae627d5b2a82a366d8a275c3b29
train/Pothole/p 62.jpg,Pothole,train,6caf7defc15a98b8574dfd3eba5c941f9da5f734b687f94ffa064ab96acbfa77
train/Pothole/p 221.jpg,Pothole,train,630f798c5a04c15347a3459cb8725880b65b9ffc03c7048fc8943a911404a234
train/Pothole/p 292.jpg,Pothole,train,2122953b1dff1f524fff67bafc1fbdf58ec73405b31027d7847f0c03e87e85a4
train/Pothole/p 254.jpg,Pothole,train,74f39b6012fbb2037fb2eeff65f271cc0ac1d97905a69d693a45d4605eccdbb5
train/Pothole/p 326.jpg,Pothole,train,7719bfb35d37ac965a99a5f3f00507785dc6ce0ae84c5835c5912fb2489c46a4
train/Pothole/p 215.jpg,Pothole,train,b8e243fcd65d4c4ced32ef152e7c9f0dea8e5c5cce1bd859313b0b25543884cd
train/Pothole/p 246.jpg,Pothole,train,4e9b7cafc3d8c04a8571054daedc95d5e125d273dc41ea38b1979b442553164d
train/Pothole/p 179.jpg,Pothole,train,316d95677c1f827654f21006aec41558b5d74642e1964b3e9ee89b4c1ddd7d18
train/Pothole/p 324.jpg,Pothole,train,7680e4b85ff48ec41017bba0ccf81daa678511ad3836c20b30b3b62888bd12e1
train/Pothole/p 276.jpg,Pothole,train,07735aefb2a87c6b5cf458c3c8704d6f9e40f5eb0ea431450fd79f3b0cbf158f
train/Pothole/p 113.jpg,Pothole,train,17cfe07af4b260c8525e9cf44419ee2aa88244af2354b92bac31b219679004d6
train/Pothole/p 298.jpg,Pothole,train,08d71cdd873729fc7ec373d3459e94173e360fdc4c5624218dcc6b358be2898b
train/Pothole/p 162.jpg,Pothole,train,3d492981df97392ff84730967ee9b46b6e02d18357cb9282dcb76632172d2161
train/Pothole/p 174.jpg,Pothole,train,5635e262aec553e808da1487e3991243a59625c6cd4f0e24987a7a4ab67196a8
train/Pothole/p 334.jpg,Pothole,train,c6a14e8abd4a3c280e69fe8ba7ece2470192367a9818235d852cb656bb08bcfa
train/Pothole/p 142.jpg,Pothole,train,687be444a206742b1d57bc207b9dd57d8d7aa0ef24474bb2253c275a449f0f8e
train/Pothole/p 25.jpg,Pothole,train,1bf1a26425160be3e37da90f99f7fbffd5c15dc1bb84b9c55a5d1ae7f09ae4a1
train/Pothole/p 103.jpg,Pothole,train,008353c461a84ec4cc2039a49f771ff80f28e22bcee7a69bc068df93c2a987d2
train/Pothole/p 200.jpg,Pothole,train,1b4d9db5fb48af449e58f3f957d03127a1006930ca64311f324b019894955813
train/Pothole/p 202.jpg,Pothole,train,88b2e43ced816b73377dcf21b046e716db05a2d91a5ef7f5500f3555bb14dcff
train/Pothole/p 239.jpg,Pothole,train,3b64ba71f02c4ebf4a655cecb40f38d005df0bfcc81e0af9a8e54f3d9cfe893a
train/Pothole/p 26.jpg,Pothole,train,66979e9ea577e2ac493478deb7a4ccfc8cab3df3dbed5c3a9ec459d63d321a25
train/Pothole/p 310.jpg,Pothole,train,bca1da61a15e00247004ec324d7c3ec08c1d089f0a576e8a12e2aba421b625c4
train/Pothole/p 190.jpg,Pothole,train,fb9169079ab0ed9b2e11e162e8ebc0c8c7bae2b4d8ea1ace67014b67b3674c66
train/Pothole/p 20.jpg,Pothole,train,a90cd8aa5ef3bc3657d0a12291eb1712cecfc5f74588b8e3663f8e6c50af7cf7
train/Pothole/p 315.jpg,Pothole,train,f56f75fd896bd735b2afb2af7879a281eb3ed078e741711e9e56a508e593e461
train/Pothole/p 115.jpg,Pothole,train,d222edc1905770ff94e6fa0d2bfe263aec1d14c11e2b9acf91b8cc5595cea200
train/Pothole/p 274.jpg,Pothole,train,f08e804c545b8836279cb2e1dd735688cf926210ac525a4147908c6dee78d6c3
train/Pothole/p 148.jpg,Pothole,train,9eb2609e7b771aa319098415828807559f2d97e491082a69936f56f7c94b7ebd
train/Pothole/p 171.jpg,Pothole,train,6aa47c3beacb3097edf316de0d0ef425cf75892e4aad41d1a50a2f1220b67fc9
train/Pothole/p 220.jpg,Pothole,train,cbd55d17d348646ec46730f8be6bacad4778b01f8016289f256026a245defaff
train/Pothole/p 353.jpg,Pothole,train,c6d45a03bbbda606b5a2fd8b1e2605f98593bc09f69f0e5dad23cfc76e181b14
train/Pothole/p 288.jpg,Pothole,train,33698a8f370998c8f66a47a27443289a9c1d9826ef8c6ff37c8789566b8c0694
train/Pothole/p 55.jpg,Pothole,train,4af591910a253b5f071a21ca5de29b2f9657d4f0d7564cea96101e72aabf0a0c
train/Pothole/p 180.jpg,Pothole,train,54465ad5c7d1f13c560f203e9a108f78ed77280bf698df6ffa82242556db8052
train/Pothole/p 109.jpg,Pothole,train,60f9d418389a8a544cf47a443d41aa50a62be9e7944bfb4bf6aadadbcb303a93
train/Pothole/p 289.jpg,Pothole,train,70a253ad22cfcb0422b81ee0a050b171009b2aa164c40cf1a5e7c65d9a409cca
train/Pothole/p 18.jpg,Pothole,train,fe5f1d87fb03fbddadd7f4156c69bec7305031e33802f812d124f2794c485144
train/Pothole/p 173.jpg,Pothole,train,e1d5e295c9152c4b0989af555e7487d75661c10c1ba160b921c458918ee22e55
train/Pothole/p 207.jpg,Pothole,train,719faa6fc73404dfaa46bdecb9b0d0cf311ad4b1cea7be2b705eca8ef1d54046
train/Pothole/p 70.jpg,Pothole,train,b80634c53df7496514c7202b7aead17d31b92cd680e0b42de01898859bf85730
train/Pothole/p 286.jpg,Pothole,train,022a92f8ec0abc950dce0baa7de3c65a5ad945080dd62644eb18148594c32fa2
train/Pothole/p 261.jpg,Pothole,train,565613a515c09d7a5dde8275c1eef9fbc8b9f25988c98af41d3875282a967f38
train/Pothole/p 145.jpg,Pothole,train,a746ddb60c20c2cfb8944f1c5da919b18e77ef3995b94f68e5ecf185849d9675
train/Pothole/p 212.jpg,Pothole,train,627a6cdcf9e0508b04c52e6cd221a057f8c7056265dee624ad9063f204ca62df
train/Pothole/p 67.jpg,Pothole,train,eb41528806d3bd202f956da92f04f423b45b9b8dca481768ac1dfd9c56364706
train/Pothole/p 263.jpg,Pothole,train,a89294b238593e5890574690ddff48fe022e9d792de74515c7d9ad35926319a8
train/Pothole/p 116.jpg,Pothole,train,ef3e7ea89bfc411027c304d9e10159f56278a2c6023ba72328d150e559246dbe
train/Pothole/p 266.jpg,Pothole,train,1633a50b2a9c5fc47d2b4e534a15b276541d33fd740303a3df4b5ced5ecb5c33
train/Pothole/p 24.jpg,Pothole,train,7d73c38104d35fed205ea86841c21041fe636b146a0b6d8a782f2f3a0b45f462
train/Pothole/p 117.jpg,Pothole,train,b1a0acbcdcd78aaaf99aa8e932d20993c3a8202373d85eea6a02ce0f27cc20a4
train/Pothole/p 157.jpg,Pothole,train,62b6b75c3a82d8b3366832dc891d044a9fb01d260ed0539a52f73e12e4c1dddb
train/Pothole/p 297.jpg,Pothole,val,8ddd7a951bb76c966237109a445ae1c9e76af1191f868b26b65bc1a91749510f
train/Pothole/p 166.jpg,Pothole,val,16e857b33e220e13f602674fbad0fe938f38a3e2da0f7b6de4ce1f7054156272
train/Pothole/p 50.jpg,Pothole,val,0535f95ca27f039867fc7be01b1b7435ab558505395f0605eefd0ceda8f5fa3a
train/Pothole/p 86.jpg,Pothole,val,a56bbf062989beb15209965a2c3637b76d6444f0435eb8a8ebb69a184f6caeca
train/Pothole/p 114.jpg,Pothole,val,edf11deb3d811c7813645d299a89af75812deebc187f34f919d8ea305640033f
train/Pothole/p 351.jpg,Pothole,val,52e0e95db19a0106a8dda6634c2384150950ecf765071ffc57709ca1bf6051b5
train/Pothole/p 167.jpg,Pothole,val,83d8b7c5a084b95fb2bb426ec305a7441f073c2c1216229155e83e302266f799
train/Pothole/p 132.jpg,Pothole,val,c5e85f420b82553b05ce52c863189f4463a4412be576e3bf9b25d2999c5d8862
train/Pothole/p 15.jpg,Pothole,val,2b2cc547fa484d5a026101d0f473cffbab5065092b06f19cdfea2e5b40e553e6
train/Pothole/p 79.jpg,Pothole,val,bab712920f5d077545ac2807cc0322bbfdd0c2303d5f31a9bdcaf87225bd70a5
train/Pothole/p 38.jpg,Pothole,val,db553e24f1ec323f9afaf154ef78475a584f58d3e0c33a898fb990f69cb6b46c
train/Pothole/p 295.jpg,Pothole,val,7711c0f60abf9b9393e99f0e6a78c4f1e8e867553429aacc24879001d8afc20a
train/Pothole/p 354.jpg,Pothole,val,d79485edd3821c4aeee3546f30ef339bdcabf4c5b2e83350434c889e59ef78ed
train/Pothole/p 302.jpg,Pothole,val,258239d592785a13a03d9aa733d3cce15956ee67e4336798a3f18c0cf2f8dcd3
train/Pothole/p 172.jpg,Pothole,val,3409e2b5bcad32da468aa7e5670c7a906d5f53dad8a672ff8c2e66c61bee601c
train/Pothole/p 219.jpg,Pothole,val,cf4e700943f1fea8fd8e7048e2c41bca3c8422f9b8b8726959579664d6393d33
train/Pothole/p 158.jpg,Pothole,val,684d3403423cad821fc8c74fa3a0e910b48e595021f70e1871e36e4b7aa684cd
train/Pothole/p 251.jpg,Pothole,val,14a7e06395b1dd9fa904a527846efc92ad4f46faf473fd18fe3ae13d0371280a
train/Pothole/p 1.jpg,Pothole,val,1b745839badbdebf08811c8d1ac00fdc4a61cced67ac1899f135327dce2bb9c7
train/Pothole/p 118.jpg,Pothole,val,beab560c8d1699f2677d9a8d73e9f4ee4241869f9b69c20eadeacc2b56e85cdf
train/Pothole/p 225.jpg,Pothole,val,06eaf41a09e0a1e66fe6781603517760a9aef0af7a9c0e52d73cdade96596a26
train/Pothole/p 293.jpg,Pothole,val,116121d8c7f2e7475d2e3122eb6967de4f4622209f8b988aa330ddfd2720fac4
train/Pothole/p 140.jpg,Pothole,val,2d9c5452977bd8393f6a6768e3a13481de2abaf6637a56ab356c999c5ce7f94b
train/Pothole/p 121.jpg,Pothole,val,33b4bd2907e1a03994c0fabe3e7a0ac6a44998ab36726001cf0663454c8d0abc
train/Pothole/p 213.jpg,Pothole,val,8c276e0ba783160899749ca7be9fd1e4d58998274dda40bc53a7dcedb22d1950
train/Pothole/p 325.jpg,Pothole,val,95c69ee0227d72d9808a752aa3314abc8f2fe7da241bc9c5af035b08f84fd697
train/Pothole/p 332.jpg,Pothole,val,76666c24d0dd2405a71f67b423dc8c8a926299572e052fc872e4bd42693b3a92
train/Pothole/p 74.jpg,Pothole,val,b626709079deadcc344043d6fd6a9a69bce8b5f868ebd99f0c956a62ea23eb75
train/Pothole/p 192.jpg,Pothole,val,1dd8e8273801d5444362c4914984dcdd24e168cfe5aad786bbdafe1cb4073f25
train/Pothole/p 256.jpg,Pothole,val,01697288d84a8ea1622086a0d9060bca61f083ea478fb5dff0c4393b0383d5d8
train/Pothole/p 195.jpg,Pothole,val,5a1335820c1d81497e8d82f639874060bb4415664391d61853e2d5a835e76789
train/Pothole/p 58.jpg,Pothole,val,f6e4fab2a48e6b7a610d042133c38ed9838bfaf6c04a5d1a5e0e326804123d53
train/Pothole/p 228.jpg,Pothole,val,00cad77e63d5297b0e8407804ad03b396c8859db0f1ae0a6347feec8fbc7254e
train/Pothole/p 223.jpg,Pothole,val,576d43a3e2d189a8509cdd374794ca164d7df3c5969d01d282d05972561221c6
train/Pothole/p 17.jpg,Pothole,val,1b51e16b4d092742d0e3f6f1565ac45351383b0beaa8e889f7bff05b15baea7c
train/Pothole/p 78.jpg,Pothole,val,421114ab27b3d5dd449c174c7dd590488c359d232c1b154b498e441833839f62
train/Pothole/p 147.jpg,Pothole,test,57bfd6480cd8224345272a50bdc3a6b647932cbc6505b9d3677ff1bb50f0677f
train/Pothole/p 151.jpg,Pothole,test,f7ba2c0d3dc87ac68696b07207e31826bf2a244959b4c1fceb248cabdfffbdde
train/Pothole/p 90.jpg,Pothole,test,4ffb5ef7e85251c41a88d94593c9bb42b3c8723e53accbae57072345cad921ea
train/Pothole/p 16.jpg,Pothole,test,ee8848a58b658cbc960c2bafaa6d3c5c13d604b92bd187d150def7717d8bcb64
train/Pothole/p 146.jpg,Pothole,test,be1122e80a53b28ea95f6f3dd0fc55d59571f03f0a83168b0c01f0e87b5894e7
test/Pothole/5.jpg,Pothole,test,8de34e1d33a8e17c76cca8870fa60189994b9408fc3690d15a918aea84660c5c
train/Pothole/p 355.jpg,Pothole,test,9e799cb4ed9387f4849f1cd369277462f6f0f7504126660443934d5683b29020
test/Pothole/1.jpg,Pothole,test,aae266de54245f742be0ff79da56d7a78f5ca8cee28ca8a50ce53c48f1131417
train/Pothole/p 343.jpg,Pothole,test,9a02bd0ada460f1f2b587cceca52e414d5e73e65f849b34cfe6c214f48c4c8e7
train/Pothole/p 61.jpg,Pothole,test,2fcb05f55814cd58ed6dbb01ab882531cc044d072ee5f1721cb479962188e870
train/Pothole/p 237.jpg,Pothole,test,c2fbad803a1db157f487eed3e489fecec4cca56b25cf94f2391b6508ce596b18
train/Pothole/p 350.jpg,Pothole,test,612fdc4bd59abf7669f6860e0aa5112874ddf491ca15167e8b88c9c2fe791694
train/Pothole/p 300.jpg,Pothole,test,0da20a987f089d321c002f7d75b048c3cefae5ae5337aafae56c531bdc367934
train/Pothole/p 170.jpg,Pothole,test,b436dc61c067c759f0479b4b01757e1289e70aa443478393160cca6a116b8834
train/Pothole/p 229.jpg,Pothole,test,03aefc14be223b50428fbfed41fd836a593aa121d8c5bad82e0d37200bdb6a5d
train/Pothole/p 269.jpg,Pothole,test,d8ae2cc46b272073b901cf73a3b2f37c760f029f0902a3d3557a681048b95086
train/Pothole/p 210.jpg,Pothole,test,97ae095cb357c0dc83c022b761030eb9cc295ac1af3f7eef143331cf9dad1c61
train/Pothole/p 13.jpg,Pothole,test,e0741839082d445b0ec696c4ebb3f0d4e8a2e82c2125e0779904bfa72c480c35
train/Pothole/p 259.jpg,Pothole,test,7061b5efaf5b4ed2c10d450ce34adfbb9715bc35eda1d1f041a0fb9e0b1e6232
test/Pothole/8.jpg,Pothole,test,e2eec76b72ddc8ba3c1d08d54d8d7244fb095275e2cddfcc9b79b9eb1b3b70ae
train/Pothole/p 22.jpg,Pothole,test,d3d23ec177614843d2f890f442ffc2c7e686b6e00e464490c695c0f24b5ca0ca
train/Pothole/p 333.jpg,Pothole,test,8e3228d232cdbff811f6dd740caf2155300dc51ac962f5d805baabe5acd8dd8b
train/Pothole/p 197.jpg,Pothole,test,f384bf2bd0790ef6fe0ed4f787368cf51a35781ac161289362081b454c0af3c8
train/Pothole/p 348.jpg,Pothole,test,8009b116fc836dc52bbd80ff327bb7fcb8d938087761fc2caed23f3458e6a3e8
test/Pothole/2.jpg,Pothole,test,ed2ccdf4f9e7a2d24a172fc0d58432193405a75672176690fff4b16cf72c22f3
train/Pothole/p 144.jpg,Pothole,test,dde0256b43fa0796dbacb47bbadfca4ede509b953510ad39c42b11976dc1bd1a
train/Pothole/p 39.jpg,Pothole,test,acaddd8064a33129b4e39650dfe452a8ab1390b0c7274bcbedbe1f72f12a504e
train/Pothole/p 66.jpg,Pothole,test,c4be15d4e5aa9538e6733a9a0b8f8fdde54859b334200b003abb46e37bdd569f
test/Pothole/4.jpg,Pothole,test,a200e612cb02ddcd9c0f03c10b1cd01eaeae4a87c456534b15f3a6a615e78e32
train/Pothole/p 101.jpg,Pothole,test,ebf7fd6a0664574531cd9c3eef8ed1ea52781ffa920c4b1ccad304cb7cb36cd9
train/Pothole/p 131.jpg,Pothole,test,abf91fdeb798cb5568772ab7d30a50853915980ec9e483585542fff37cd2179e
train/Pothole/p 243.jpg,Pothole,test,70b052ca4c7ac7c9bcb41c90ebac3ecc0b0f4e58a32d2502fa43a55b2f8cf691
train/Pothole/p 31.jpg,Pothole,test,b7dbfe722c86f2eede2fcbb5d29abbe22e55bf30cff1c16d3a3052c12a493bcf
train/Pothole/p 236.jpg,Pothole,test,df5c5399c6044b4454014369831221e99694c46210e70570dbab788b564ba132
train/Pothole/p 77.jpg,Pothole,test,7bae779dbbd343d77fa9c2b37f9231547e927a0c3e8d0507b785dff3ebda0326
train/Pothole/p 89.jpg,Pothole,test,ccc1a9243880e0d4ddaaaa69be9fa036eb7c00c290c31ede4ee99a4c930d25b0
train/Pothole/p 159.jpg,Pothole,test,1ed0cf3116dd3b0c13e5d5a00fad2a1631170d325221ba82883b156fbbd45505
